-- phpMyAdmin SQL Dump
-- version 5.2.1
-- https://www.phpmyadmin.net/
--
-- Host: 127.0.0.1
-- Generation Time: Mar 26, 2024 at 01:03 AM
-- Server version: 10.4.28-MariaDB
-- PHP Version: 8.2.4

SET SQL_MODE = "NO_AUTO_VALUE_ON_ZERO";
START TRANSACTION;
SET time_zone = "+00:00";


/*!40101 SET @OLD_CHARACTER_SET_CLIENT=@@CHARACTER_SET_CLIENT */;
/*!40101 SET @OLD_CHARACTER_SET_RESULTS=@@CHARACTER_SET_RESULTS */;
/*!40101 SET @OLD_COLLATION_CONNECTION=@@COLLATION_CONNECTION */;
/*!40101 SET NAMES utf8mb4 */;

--
-- Database: `vpt`
--

-- --------------------------------------------------------

--
-- Table structure for table `chair`
--

CREATE TABLE `chair` (
  `id` int(11) NOT NULL,
  `name` varchar(45) DEFAULT NULL,
  `row_id` int(11) DEFAULT NULL,
  `user_id` int(11) DEFAULT NULL
) ENGINE=InnoDB DEFAULT CHARSET=utf8mb4 COLLATE=utf8mb4_general_ci;

--
-- Dumping data for table `chair`
--

INSERT INTO `chair` (`id`, `name`, `row_id`, `user_id`) VALUES
(12509, 'A1-1', 2341, 7),
(12510, 'A1-2', 2341, 7),
(12511, 'A1-3', 2341, 7),
(12512, 'A1-4', 2341, 7),
(12513, 'A1-5', 2341, 7),
(12514, 'A2-1', 2342, 7),
(12515, 'A2-2', 2342, 7),
(12516, 'A2-3', 2342, 7),
(12517, 'A2-4', 2342, 7),
(12518, 'A2-5', 2342, 7),
(12519, 'A3-1', 2343, 7),
(12520, 'A3-2', 2343, 7),
(12521, 'A3-3', 2343, 7),
(12522, 'A3-4', 2343, 7),
(12523, 'A3-5', 2343, 7),
(12524, 'A4-1', 2344, 7),
(12525, 'A4-2', 2344, 7),
(12526, 'A4-3', 2344, 7),
(12527, 'A4-4', 2344, 7),
(12528, 'A4-5', 2344, 7),
(12529, 'A5-1', 2345, 7),
(12530, 'A5-2', 2345, 7),
(12531, 'A5-3', 2345, 7),
(12532, 'A5-4', 2345, 7),
(12533, 'A5-5', 2345, 7),
(12534, 'A6-1', 2346, 7),
(12535, 'A6-2', 2346, 7),
(12536, 'A6-3', 2346, 7),
(12537, 'A6-4', 2346, 7),
(12538, 'A6-5', 2346, 7),
(12539, 'A1-1', 2347, NULL),
(12540, 'A1-2', 2347, NULL),
(12541, 'A1-3', 2347, NULL),
(12542, 'A1-4', 2347, NULL),
(12543, 'A1-5', 2347, NULL),
(12544, 'A2-1', 2348, 7),
(12545, 'A2-2', 2348, NULL),
(12546, 'A2-3', 2348, NULL),
(12547, 'A2-4', 2348, NULL),
(12548, 'A2-5', 2348, NULL),
(12549, 'A3-1', 2349, NULL),
(12550, 'A3-2', 2349, NULL),
(12551, 'A3-3', 2349, NULL),
(12552, 'A3-4', 2349, NULL),
(12553, 'A3-5', 2349, NULL),
(12554, 'A4-1', 2350, 7),
(12555, 'A4-2', 2350, 9),
(12556, 'A4-3', 2350, NULL),
(12557, 'A4-4', 2350, NULL),
(12558, 'A4-5', 2350, NULL),
(12559, 'A5-1', 2351, 7),
(12560, 'A5-2', 2351, 9),
(12561, 'A5-3', 2351, NULL),
(12562, 'A5-4', 2351, NULL),
(12563, 'A5-5', 2351, NULL),
(12564, 'A6-1', 2352, 7),
(12565, 'A6-2', 2352, 9),
(12566, 'A6-3', 2352, NULL),
(12567, 'A6-4', 2352, NULL),
(12568, 'A6-5', 2352, NULL),
(12569, 'B1-1', 2353, NULL),
(12570, 'B1-2', 2353, NULL),
(12571, 'B1-3', 2353, NULL),
(12572, 'B1-4', 2353, NULL),
(12573, 'B1-5', 2353, NULL),
(12574, 'B2-1', 2354, NULL),
(12575, 'B2-2', 2354, NULL),
(12576, 'B2-3', 2354, NULL),
(12577, 'B2-4', 2354, NULL),
(12578, 'B2-5', 2354, NULL),
(12579, 'B3-1', 2355, NULL),
(12580, 'B3-2', 2355, NULL),
(12581, 'B3-3', 2355, NULL),
(12582, 'B3-4', 2355, NULL),
(12583, 'B3-5', 2355, NULL),
(12584, 'B4-1', 2356, NULL),
(12585, 'B4-2', 2356, NULL),
(12586, 'B4-3', 2356, NULL),
(12587, 'B4-4', 2356, NULL),
(12588, 'B4-5', 2356, NULL),
(12589, 'B5-1', 2357, NULL),
(12590, 'B5-2', 2357, NULL),
(12591, 'B5-3', 2357, NULL),
(12592, 'B5-4', 2357, NULL),
(12593, 'B5-5', 2357, NULL),
(12594, 'B6-1', 2358, NULL),
(12595, 'B6-2', 2358, NULL),
(12596, 'B6-3', 2358, NULL),
(12597, 'B6-4', 2358, NULL),
(12598, 'B6-5', 2358, NULL),
(12599, 'A1-1', 2359, 7),
(12600, 'A1-2', 2359, NULL),
(12601, 'A1-3', 2359, NULL),
(12602, 'A1-4', 2359, NULL),
(12603, 'A1-5', 2359, NULL),
(12604, 'A2-1', 2360, 7),
(12605, 'A2-2', 2360, NULL),
(12606, 'A2-3', 2360, NULL),
(12607, 'A2-4', 2360, NULL),
(12608, 'A2-5', 2360, NULL),
(12609, 'A3-1', 2361, 7),
(12610, 'A3-2', 2361, NULL),
(12611, 'A3-3', 2361, NULL),
(12612, 'A3-4', 2361, NULL),
(12613, 'A3-5', 2361, NULL),
(12614, 'A4-1', 2362, 7),
(12615, 'A4-2', 2362, NULL),
(12616, 'A4-3', 2362, NULL),
(12617, 'A4-4', 2362, NULL),
(12618, 'A4-5', 2362, NULL),
(12619, 'A5-1', 2363, NULL),
(12620, 'A5-2', 2363, NULL),
(12621, 'A5-3', 2363, NULL),
(12622, 'A5-4', 2363, NULL),
(12623, 'A5-5', 2363, NULL),
(12624, 'A6-1', 2364, NULL),
(12625, 'A6-2', 2364, NULL),
(12626, 'A6-3', 2364, NULL),
(12627, 'A6-4', 2364, NULL),
(12628, 'A6-5', 2364, NULL),
(12629, 'B1-1', 2365, NULL),
(12630, 'B1-2', 2365, NULL),
(12631, 'B1-3', 2365, NULL),
(12632, 'B1-4', 2365, NULL),
(12633, 'B1-5', 2365, NULL),
(12634, 'B2-1', 2366, NULL),
(12635, 'B2-2', 2366, NULL),
(12636, 'B2-3', 2366, NULL),
(12637, 'B2-4', 2366, NULL),
(12638, 'B2-5', 2366, NULL),
(12639, 'B3-1', 2367, NULL),
(12640, 'B3-2', 2367, NULL),
(12641, 'B3-3', 2367, NULL),
(12642, 'B3-4', 2367, NULL),
(12643, 'B3-5', 2367, NULL),
(12644, 'B4-1', 2368, NULL),
(12645, 'B4-2', 2368, NULL),
(12646, 'B4-3', 2368, NULL),
(12647, 'B4-4', 2368, NULL),
(12648, 'B4-5', 2368, NULL),
(12649, 'B5-1', 2369, NULL),
(12650, 'B5-2', 2369, NULL),
(12651, 'B5-3', 2369, NULL),
(12652, 'B5-4', 2369, NULL),
(12653, 'B5-5', 2369, NULL),
(12654, 'B6-1', 2370, NULL),
(12655, 'B6-2', 2370, NULL),
(12656, 'B6-3', 2370, NULL),
(12657, 'B6-4', 2370, NULL),
(12658, 'B6-5', 2370, NULL),
(12659, 'C1-1', 2371, NULL),
(12660, 'C1-2', 2371, NULL),
(12661, 'C1-3', 2371, NULL),
(12662, 'C1-4', 2371, NULL),
(12663, 'C1-5', 2371, NULL),
(12664, 'C2-1', 2372, NULL),
(12665, 'C2-2', 2372, NULL),
(12666, 'C2-3', 2372, NULL),
(12667, 'C2-4', 2372, NULL),
(12668, 'C2-5', 2372, NULL),
(12669, 'C3-1', 2373, NULL),
(12670, 'C3-2', 2373, NULL),
(12671, 'C3-3', 2373, NULL),
(12672, 'C3-4', 2373, NULL),
(12673, 'C3-5', 2373, NULL),
(12674, 'C4-1', 2374, NULL),
(12675, 'C4-2', 2374, NULL),
(12676, 'C4-3', 2374, NULL),
(12677, 'C4-4', 2374, NULL),
(12678, 'C4-5', 2374, NULL),
(12679, 'C5-1', 2375, NULL),
(12680, 'C5-2', 2375, NULL),
(12681, 'C5-3', 2375, NULL),
(12682, 'C5-4', 2375, NULL),
(12683, 'C5-5', 2375, NULL),
(12684, 'C6-1', 2376, NULL),
(12685, 'C6-2', 2376, NULL),
(12686, 'C6-3', 2376, NULL),
(12687, 'C6-4', 2376, NULL),
(12688, 'C6-5', 2376, NULL),
(12689, 'D1-1', 2377, NULL),
(12690, 'D1-2', 2377, NULL),
(12691, 'D1-3', 2377, NULL),
(12692, 'D1-4', 2377, NULL),
(12693, 'D1-5', 2377, NULL),
(12694, 'D2-1', 2378, NULL),
(12695, 'D2-2', 2378, NULL),
(12696, 'D2-3', 2378, NULL),
(12697, 'D2-4', 2378, NULL),
(12698, 'D2-5', 2378, NULL),
(12699, 'D3-1', 2379, NULL),
(12700, 'D3-2', 2379, NULL),
(12701, 'D3-3', 2379, NULL),
(12702, 'D3-4', 2379, NULL),
(12703, 'D3-5', 2379, NULL),
(12704, 'D4-1', 2380, NULL),
(12705, 'D4-2', 2380, NULL),
(12706, 'D4-3', 2380, NULL),
(12707, 'D4-4', 2380, NULL),
(12708, 'D4-5', 2380, NULL),
(12709, 'D5-1', 2381, NULL),
(12710, 'D5-2', 2381, NULL),
(12711, 'D5-3', 2381, NULL),
(12712, 'D5-4', 2381, NULL),
(12713, 'D5-5', 2381, NULL),
(12714, 'D6-1', 2382, NULL),
(12715, 'D6-2', 2382, NULL),
(12716, 'D6-3', 2382, NULL),
(12717, 'D6-4', 2382, NULL),
(12718, 'D6-5', 2382, NULL),
(12719, 'E1-1', 2383, NULL),
(12720, 'E1-2', 2383, NULL),
(12721, 'E1-3', 2383, NULL),
(12722, 'E1-4', 2383, NULL),
(12723, 'E1-5', 2383, NULL),
(12724, 'E2-1', 2384, NULL),
(12725, 'E2-2', 2384, NULL),
(12726, 'E2-3', 2384, NULL),
(12727, 'E2-4', 2384, NULL),
(12728, 'E2-5', 2384, NULL),
(12729, 'E3-1', 2385, NULL),
(12730, 'E3-2', 2385, NULL),
(12731, 'E3-3', 2385, NULL),
(12732, 'E3-4', 2385, NULL),
(12733, 'E3-5', 2385, NULL),
(12734, 'E4-1', 2386, NULL),
(12735, 'E4-2', 2386, NULL),
(12736, 'E4-3', 2386, NULL),
(12737, 'E4-4', 2386, NULL),
(12738, 'E4-5', 2386, NULL),
(12739, 'E5-1', 2387, NULL),
(12740, 'E5-2', 2387, NULL),
(12741, 'E5-3', 2387, NULL),
(12742, 'E5-4', 2387, NULL),
(12743, 'E5-5', 2387, NULL),
(12744, 'E6-1', 2388, NULL),
(12745, 'E6-2', 2388, NULL),
(12746, 'E6-3', 2388, NULL),
(12747, 'E6-4', 2388, NULL),
(12748, 'E6-5', 2388, NULL),
(12749, 'F1-1', 2389, NULL),
(12750, 'F1-2', 2389, NULL),
(12751, 'F1-3', 2389, NULL),
(12752, 'F1-4', 2389, NULL),
(12753, 'F1-5', 2389, NULL),
(12754, 'F2-1', 2390, NULL),
(12755, 'F2-2', 2390, NULL),
(12756, 'F2-3', 2390, NULL),
(12757, 'F2-4', 2390, NULL),
(12758, 'F2-5', 2390, NULL),
(12759, 'F3-1', 2391, NULL),
(12760, 'F3-2', 2391, NULL),
(12761, 'F3-3', 2391, NULL),
(12762, 'F3-4', 2391, NULL),
(12763, 'F3-5', 2391, NULL),
(12764, 'F4-1', 2392, NULL),
(12765, 'F4-2', 2392, NULL),
(12766, 'F4-3', 2392, NULL),
(12767, 'F4-4', 2392, NULL),
(12768, 'F4-5', 2392, NULL),
(12769, 'F5-1', 2393, NULL),
(12770, 'F5-2', 2393, NULL),
(12771, 'F5-3', 2393, NULL),
(12772, 'F5-4', 2393, NULL),
(12773, 'F5-5', 2393, NULL),
(12774, 'F6-1', 2394, NULL),
(12775, 'F6-2', 2394, NULL),
(12776, 'F6-3', 2394, NULL),
(12777, 'F6-4', 2394, NULL),
(12778, 'F6-5', 2394, NULL),
(12779, 'G1-1', 2395, NULL),
(12780, 'G1-2', 2395, NULL),
(12781, 'G1-3', 2395, NULL),
(12782, 'G1-4', 2395, NULL),
(12783, 'G1-5', 2395, NULL),
(12784, 'G2-1', 2396, NULL),
(12785, 'G2-2', 2396, NULL),
(12786, 'G2-3', 2396, NULL),
(12787, 'G2-4', 2396, NULL),
(12788, 'G2-5', 2396, NULL),
(12789, 'G3-1', 2397, NULL),
(12790, 'G3-2', 2397, NULL),
(12791, 'G3-3', 2397, NULL),
(12792, 'G3-4', 2397, NULL),
(12793, 'G3-5', 2397, NULL),
(12794, 'G4-1', 2398, NULL),
(12795, 'G4-2', 2398, NULL),
(12796, 'G4-3', 2398, NULL),
(12797, 'G4-4', 2398, NULL),
(12798, 'G4-5', 2398, NULL),
(12799, 'G5-1', 2399, NULL),
(12800, 'G5-2', 2399, NULL),
(12801, 'G5-3', 2399, NULL),
(12802, 'G5-4', 2399, NULL),
(12803, 'G5-5', 2399, NULL),
(12804, 'G6-1', 2400, NULL),
(12805, 'G6-2', 2400, NULL),
(12806, 'G6-3', 2400, NULL),
(12807, 'G6-4', 2400, NULL),
(12808, 'G6-5', 2400, NULL),
(12809, 'H1-1', 2401, NULL),
(12810, 'H1-2', 2401, NULL),
(12811, 'H1-3', 2401, NULL),
(12812, 'H1-4', 2401, NULL),
(12813, 'H1-5', 2401, NULL),
(12814, 'H2-1', 2402, NULL),
(12815, 'H2-2', 2402, NULL),
(12816, 'H2-3', 2402, NULL),
(12817, 'H2-4', 2402, NULL),
(12818, 'H2-5', 2402, NULL),
(12819, 'H3-1', 2403, NULL),
(12820, 'H3-2', 2403, NULL),
(12821, 'H3-3', 2403, NULL),
(12822, 'H3-4', 2403, NULL),
(12823, 'H3-5', 2403, NULL),
(12824, 'H4-1', 2404, NULL),
(12825, 'H4-2', 2404, NULL),
(12826, 'H4-3', 2404, NULL),
(12827, 'H4-4', 2404, NULL),
(12828, 'H4-5', 2404, NULL),
(12829, 'H5-1', 2405, NULL),
(12830, 'H5-2', 2405, NULL),
(12831, 'H5-3', 2405, NULL),
(12832, 'H5-4', 2405, NULL),
(12833, 'H5-5', 2405, NULL),
(12834, 'H6-1', 2406, NULL),
(12835, 'H6-2', 2406, NULL),
(12836, 'H6-3', 2406, NULL),
(12837, 'H6-4', 2406, NULL),
(12838, 'H6-5', 2406, NULL),
(12839, 'I1-1', 2407, NULL),
(12840, 'I1-2', 2407, NULL),
(12841, 'I1-3', 2407, NULL),
(12842, 'I1-4', 2407, NULL),
(12843, 'I1-5', 2407, NULL),
(12844, 'I2-1', 2408, NULL),
(12845, 'I2-2', 2408, NULL),
(12846, 'I2-3', 2408, NULL),
(12847, 'I2-4', 2408, NULL),
(12848, 'I2-5', 2408, NULL),
(12849, 'I3-1', 2409, NULL),
(12850, 'I3-2', 2409, NULL),
(12851, 'I3-3', 2409, NULL),
(12852, 'I3-4', 2409, NULL),
(12853, 'I3-5', 2409, NULL),
(12854, 'I4-1', 2410, NULL),
(12855, 'I4-2', 2410, NULL),
(12856, 'I4-3', 2410, NULL),
(12857, 'I4-4', 2410, NULL),
(12858, 'I4-5', 2410, NULL),
(12859, 'I5-1', 2411, NULL),
(12860, 'I5-2', 2411, NULL),
(12861, 'I5-3', 2411, NULL),
(12862, 'I5-4', 2411, NULL),
(12863, 'I5-5', 2411, NULL),
(12864, 'I6-1', 2412, NULL),
(12865, 'I6-2', 2412, NULL),
(12866, 'I6-3', 2412, NULL),
(12867, 'I6-4', 2412, NULL),
(12868, 'I6-5', 2412, NULL),
(12869, 'J1-1', 2413, NULL),
(12870, 'J1-2', 2413, NULL),
(12871, 'J1-3', 2413, NULL),
(12872, 'J1-4', 2413, NULL),
(12873, 'J1-5', 2413, NULL),
(12874, 'J2-1', 2414, NULL),
(12875, 'J2-2', 2414, NULL),
(12876, 'J2-3', 2414, NULL),
(12877, 'J2-4', 2414, NULL),
(12878, 'J2-5', 2414, NULL),
(12879, 'J3-1', 2415, NULL),
(12880, 'J3-2', 2415, NULL),
(12881, 'J3-3', 2415, NULL),
(12882, 'J3-4', 2415, NULL),
(12883, 'J3-5', 2415, NULL),
(12884, 'J4-1', 2416, NULL),
(12885, 'J4-2', 2416, NULL),
(12886, 'J4-3', 2416, NULL),
(12887, 'J4-4', 2416, NULL),
(12888, 'J4-5', 2416, NULL),
(12889, 'J5-1', 2417, NULL),
(12890, 'J5-2', 2417, NULL),
(12891, 'J5-3', 2417, NULL),
(12892, 'J5-4', 2417, NULL),
(12893, 'J5-5', 2417, NULL),
(12894, 'J6-1', 2418, NULL),
(12895, 'J6-2', 2418, NULL),
(12896, 'J6-3', 2418, NULL),
(12897, 'J6-4', 2418, NULL),
(12898, 'J6-5', 2418, NULL),
(12899, 'K1-1', 2419, NULL),
(12900, 'K1-2', 2419, NULL),
(12901, 'K1-3', 2419, NULL),
(12902, 'K1-4', 2419, NULL),
(12903, 'K1-5', 2419, NULL),
(12904, 'K2-1', 2420, NULL),
(12905, 'K2-2', 2420, NULL),
(12906, 'K2-3', 2420, NULL),
(12907, 'K2-4', 2420, NULL),
(12908, 'K2-5', 2420, NULL),
(12909, 'K3-1', 2421, NULL),
(12910, 'K3-2', 2421, NULL),
(12911, 'K3-3', 2421, NULL),
(12912, 'K3-4', 2421, NULL),
(12913, 'K3-5', 2421, NULL),
(12914, 'K4-1', 2422, NULL),
(12915, 'K4-2', 2422, NULL),
(12916, 'K4-3', 2422, NULL),
(12917, 'K4-4', 2422, NULL),
(12918, 'K4-5', 2422, NULL),
(12919, 'K5-1', 2423, NULL),
(12920, 'K5-2', 2423, NULL),
(12921, 'K5-3', 2423, NULL),
(12922, 'K5-4', 2423, NULL),
(12923, 'K5-5', 2423, NULL),
(12924, 'K6-1', 2424, NULL),
(12925, 'K6-2', 2424, NULL),
(12926, 'K6-3', 2424, NULL),
(12927, 'K6-4', 2424, NULL),
(12928, 'K6-5', 2424, NULL),
(12929, 'L1-1', 2425, NULL),
(12930, 'L1-2', 2425, NULL),
(12931, 'L1-3', 2425, NULL),
(12932, 'L1-4', 2425, NULL),
(12933, 'L1-5', 2425, NULL),
(12934, 'L2-1', 2426, NULL),
(12935, 'L2-2', 2426, NULL),
(12936, 'L2-3', 2426, NULL),
(12937, 'L2-4', 2426, NULL),
(12938, 'L2-5', 2426, NULL),
(12939, 'L3-1', 2427, NULL),
(12940, 'L3-2', 2427, NULL),
(12941, 'L3-3', 2427, NULL),
(12942, 'L3-4', 2427, NULL),
(12943, 'L3-5', 2427, NULL),
(12944, 'L4-1', 2428, NULL),
(12945, 'L4-2', 2428, NULL),
(12946, 'L4-3', 2428, NULL),
(12947, 'L4-4', 2428, NULL),
(12948, 'L4-5', 2428, NULL),
(12949, 'L5-1', 2429, NULL),
(12950, 'L5-2', 2429, NULL),
(12951, 'L5-3', 2429, NULL),
(12952, 'L5-4', 2429, NULL),
(12953, 'L5-5', 2429, NULL),
(12954, 'L6-1', 2430, NULL),
(12955, 'L6-2', 2430, NULL),
(12956, 'L6-3', 2430, NULL),
(12957, 'L6-4', 2430, NULL),
(12958, 'L6-5', 2430, NULL),
(12959, 'M1-1', 2431, NULL),
(12960, 'M1-2', 2431, NULL),
(12961, 'M1-3', 2431, NULL),
(12962, 'M1-4', 2431, NULL),
(12963, 'M1-5', 2431, NULL),
(12964, 'M2-1', 2432, NULL),
(12965, 'M2-2', 2432, NULL),
(12966, 'M2-3', 2432, NULL),
(12967, 'M2-4', 2432, NULL),
(12968, 'M2-5', 2432, NULL),
(12969, 'M3-1', 2433, NULL),
(12970, 'M3-2', 2433, NULL),
(12971, 'M3-3', 2433, NULL),
(12972, 'M3-4', 2433, NULL),
(12973, 'M3-5', 2433, NULL),
(12974, 'M4-1', 2434, NULL),
(12975, 'M4-2', 2434, NULL),
(12976, 'M4-3', 2434, NULL),
(12977, 'M4-4', 2434, NULL),
(12978, 'M4-5', 2434, NULL),
(12979, 'M5-1', 2435, NULL),
(12980, 'M5-2', 2435, NULL),
(12981, 'M5-3', 2435, NULL),
(12982, 'M5-4', 2435, NULL),
(12983, 'M5-5', 2435, NULL),
(12984, 'M6-1', 2436, NULL),
(12985, 'M6-2', 2436, NULL),
(12986, 'M6-3', 2436, NULL),
(12987, 'M6-4', 2436, NULL),
(12988, 'M6-5', 2436, NULL),
(12989, 'N1-1', 2437, NULL),
(12990, 'N1-2', 2437, NULL),
(12991, 'N1-3', 2437, NULL),
(12992, 'N1-4', 2437, NULL),
(12993, 'N1-5', 2437, NULL),
(12994, 'N2-1', 2438, NULL),
(12995, 'N2-2', 2438, NULL),
(12996, 'N2-3', 2438, NULL),
(12997, 'N2-4', 2438, NULL),
(12998, 'N2-5', 2438, NULL),
(12999, 'N3-1', 2439, NULL),
(13000, 'N3-2', 2439, NULL),
(13001, 'N3-3', 2439, NULL),
(13002, 'N3-4', 2439, NULL),
(13003, 'N3-5', 2439, NULL),
(13004, 'N4-1', 2440, NULL),
(13005, 'N4-2', 2440, NULL),
(13006, 'N4-3', 2440, NULL),
(13007, 'N4-4', 2440, NULL),
(13008, 'N4-5', 2440, NULL),
(13009, 'N5-1', 2441, NULL),
(13010, 'N5-2', 2441, NULL),
(13011, 'N5-3', 2441, NULL),
(13012, 'N5-4', 2441, NULL),
(13013, 'N5-5', 2441, NULL),
(13014, 'N6-1', 2442, NULL),
(13015, 'N6-2', 2442, NULL),
(13016, 'N6-3', 2442, NULL),
(13017, 'N6-4', 2442, NULL),
(13018, 'N6-5', 2442, NULL),
(13019, 'O1-1', 2443, 7),
(13020, 'O1-2', 2443, NULL),
(13021, 'O1-3', 2443, NULL),
(13022, 'O1-4', 2443, NULL),
(13023, 'A1-1', 2444, 7),
(13024, 'A1-2', 2444, NULL),
(13025, 'A1-3', 2444, NULL),
(13026, 'A1-4', 2444, NULL),
(13027, 'A1-5', 2444, NULL),
(13028, 'A2-1', 2445, 7),
(13029, 'A2-2', 2445, NULL),
(13030, 'A2-3', 2445, NULL),
(13031, 'A2-4', 2445, NULL),
(13032, 'A2-5', 2445, NULL),
(13033, 'A3-1', 2446, NULL),
(13034, 'A3-2', 2446, NULL),
(13035, 'A3-3', 2446, NULL),
(13036, 'A3-4', 2446, NULL),
(13037, 'A3-5', 2446, NULL),
(13038, 'A4-1', 2447, NULL),
(13039, 'A4-2', 2447, NULL),
(13040, 'A4-3', 2447, NULL),
(13041, 'A4-4', 2447, NULL),
(13042, 'A4-5', 2447, NULL),
(13043, 'A5-1', 2448, NULL),
(13044, 'A5-2', 2448, NULL),
(13045, 'A5-3', 2448, NULL),
(13046, 'A5-4', 2448, NULL),
(13047, 'A5-5', 2448, NULL),
(13048, 'A6-1', 2449, NULL),
(13049, 'A6-2', 2449, NULL),
(13050, 'A6-3', 2449, NULL),
(13051, 'A6-4', 2449, NULL),
(13052, 'A6-5', 2449, NULL),
(13053, 'B1-1', 2450, NULL),
(13054, 'B1-2', 2450, NULL),
(13055, 'B1-3', 2450, NULL),
(13056, 'B1-4', 2450, NULL),
(13057, 'B1-5', 2450, NULL),
(13058, 'B2-1', 2451, NULL),
(13059, 'B2-2', 2451, NULL),
(13060, 'B2-3', 2451, NULL),
(13061, 'B2-4', 2451, NULL),
(13062, 'B2-5', 2451, NULL),
(13063, 'B3-1', 2452, NULL),
(13064, 'B3-2', 2452, NULL),
(13065, 'B3-3', 2452, NULL),
(13066, 'B3-4', 2452, NULL),
(13067, 'B3-5', 2452, NULL),
(13068, 'B4-1', 2453, NULL),
(13069, 'B4-2', 2453, NULL),
(13070, 'B4-3', 2453, NULL),
(13071, 'B4-4', 2453, NULL),
(13072, 'B4-5', 2453, NULL),
(13073, 'B5-1', 2454, NULL),
(13074, 'B5-2', 2454, NULL),
(13075, 'B5-3', 2454, NULL),
(13076, 'B5-4', 2454, NULL),
(13077, 'B5-5', 2454, NULL),
(13078, 'B6-1', 2455, NULL),
(13079, 'B6-2', 2455, NULL),
(13080, 'B6-3', 2455, NULL),
(13081, 'B6-4', 2455, NULL),
(13082, 'B6-5', 2455, NULL),
(13083, 'C1-1', 2456, NULL),
(13084, 'C1-2', 2456, NULL),
(13085, 'C1-3', 2456, NULL),
(13086, 'C1-4', 2456, NULL),
(13087, 'C1-5', 2456, NULL),
(13088, 'C2-1', 2457, NULL),
(13089, 'C2-2', 2457, NULL),
(13090, 'C2-3', 2457, NULL),
(13091, 'C2-4', 2457, NULL),
(13092, 'C2-5', 2457, NULL),
(13093, 'C3-1', 2458, NULL),
(13094, 'C3-2', 2458, NULL),
(13095, 'C3-3', 2458, NULL),
(13096, 'C3-4', 2458, NULL),
(13097, 'C3-5', 2458, NULL),
(13098, 'C4-1', 2459, NULL),
(13099, 'C4-2', 2459, NULL),
(13100, 'C4-3', 2459, NULL),
(13101, 'C4-4', 2459, NULL),
(13102, 'C4-5', 2459, NULL),
(13103, 'C5-1', 2460, NULL),
(13104, 'C5-2', 2460, NULL),
(13105, 'C5-3', 2460, NULL),
(13106, 'C5-4', 2460, NULL),
(13107, 'C5-5', 2460, NULL),
(13108, 'C6-1', 2461, NULL),
(13109, 'C6-2', 2461, NULL),
(13110, 'C6-3', 2461, NULL),
(13111, 'C6-4', 2461, NULL),
(13112, 'C6-5', 2461, NULL),
(13113, 'D1-1', 2462, NULL),
(13114, 'D1-2', 2462, NULL),
(13115, 'D1-3', 2462, NULL),
(13116, 'D1-4', 2462, NULL),
(13117, 'D1-5', 2462, NULL),
(13118, 'D2-1', 2463, NULL),
(13119, 'D2-2', 2463, NULL),
(13120, 'D2-3', 2463, NULL),
(13121, 'D2-4', 2463, NULL),
(13122, 'D2-5', 2463, NULL),
(13123, 'D3-1', 2464, NULL),
(13124, 'D3-2', 2464, NULL),
(13125, 'D3-3', 2464, NULL),
(13126, 'D3-4', 2464, NULL),
(13127, 'D3-5', 2464, NULL),
(13128, 'D4-1', 2465, NULL),
(13129, 'D4-2', 2465, NULL),
(13130, 'D4-3', 2465, NULL),
(13131, 'D4-4', 2465, NULL),
(13132, 'D4-5', 2465, NULL),
(13133, 'D5-1', 2466, NULL),
(13134, 'D5-2', 2466, NULL),
(13135, 'D5-3', 2466, NULL),
(13136, 'D5-4', 2466, NULL),
(13137, 'D5-5', 2466, NULL),
(13138, 'D6-1', 2467, NULL),
(13139, 'D6-2', 2467, NULL),
(13140, 'D6-3', 2467, NULL),
(13141, 'D6-4', 2467, NULL),
(13142, 'D6-5', 2467, NULL),
(13143, 'E1-1', 2468, NULL),
(13144, 'E1-2', 2468, NULL),
(13145, 'E1-3', 2468, NULL),
(13146, 'E1-4', 2468, NULL),
(13147, 'E1-5', 2468, NULL),
(13148, 'E2-1', 2469, NULL),
(13149, 'E2-2', 2469, NULL),
(13150, 'E2-3', 2469, NULL),
(13151, 'E2-4', 2469, NULL),
(13152, 'E2-5', 2469, NULL),
(13153, 'E3-1', 2470, NULL),
(13154, 'E3-2', 2470, NULL),
(13155, 'E3-3', 2470, NULL),
(13156, 'E3-4', 2470, NULL),
(13157, 'E3-5', 2470, NULL),
(13158, 'E4-1', 2471, NULL),
(13159, 'E4-2', 2471, NULL),
(13160, 'E4-3', 2471, NULL),
(13161, 'E4-4', 2471, NULL),
(13162, 'E4-5', 2471, NULL),
(13163, 'E5-1', 2472, NULL),
(13164, 'E5-2', 2472, NULL),
(13165, 'E5-3', 2472, NULL),
(13166, 'E5-4', 2472, NULL),
(13167, 'E5-5', 2472, NULL),
(13168, 'E6-1', 2473, NULL),
(13169, 'E6-2', 2473, NULL),
(13170, 'E6-3', 2473, NULL),
(13171, 'E6-4', 2473, NULL),
(13172, 'E6-5', 2473, NULL),
(13173, 'F1-1', 2474, NULL),
(13174, 'F1-2', 2474, NULL),
(13175, 'F1-3', 2474, NULL),
(13176, 'F1-4', 2474, NULL),
(13177, 'F1-5', 2474, NULL),
(13178, 'F2-1', 2475, NULL),
(13179, 'F2-2', 2475, NULL),
(13180, 'F2-3', 2475, NULL),
(13181, 'F2-4', 2475, NULL),
(13182, 'F2-5', 2475, NULL),
(13183, 'F3-1', 2476, NULL),
(13184, 'F3-2', 2476, NULL),
(13185, 'F3-3', 2476, NULL),
(13186, 'F3-4', 2476, NULL),
(13187, 'F3-5', 2476, NULL),
(13188, 'F4-1', 2477, NULL),
(13189, 'F4-2', 2477, NULL),
(13190, 'F4-3', 2477, NULL),
(13191, 'F4-4', 2477, NULL),
(13192, 'F4-5', 2477, NULL),
(13193, 'F5-1', 2478, NULL),
(13194, 'F5-2', 2478, NULL),
(13195, 'F5-3', 2478, NULL),
(13196, 'F5-4', 2478, NULL),
(13197, 'F5-5', 2478, NULL),
(13198, 'F6-1', 2479, NULL),
(13199, 'F6-2', 2479, NULL),
(13200, 'F6-3', 2479, NULL),
(13201, 'F6-4', 2479, NULL),
(13202, 'F6-5', 2479, NULL),
(13203, 'G1-1', 2480, NULL),
(13204, 'G1-2', 2480, NULL),
(13205, 'G1-3', 2480, NULL),
(13206, 'G1-4', 2480, NULL),
(13207, 'G1-5', 2480, NULL),
(13208, 'G2-1', 2481, NULL),
(13209, 'G2-2', 2481, NULL),
(13210, 'G2-3', 2481, NULL),
(13211, 'G2-4', 2481, NULL),
(13212, 'G2-5', 2481, NULL),
(13213, 'G3-1', 2482, NULL),
(13214, 'G3-2', 2482, NULL),
(13215, 'G3-3', 2482, NULL),
(13216, 'G3-4', 2482, NULL),
(13217, 'G3-5', 2482, NULL),
(13218, 'G4-1', 2483, NULL),
(13219, 'G4-2', 2483, NULL),
(13220, 'G4-3', 2483, NULL),
(13221, 'G4-4', 2483, NULL),
(13222, 'G4-5', 2483, NULL),
(13223, 'G5-1', 2484, NULL),
(13224, 'G5-2', 2484, NULL),
(13225, 'G5-3', 2484, NULL),
(13226, 'G5-4', 2484, NULL),
(13227, 'G5-5', 2484, NULL),
(13228, 'G6-1', 2485, NULL),
(13229, 'G6-2', 2485, NULL),
(13230, 'G6-3', 2485, NULL),
(13231, 'G6-4', 2485, NULL),
(13232, 'G6-5', 2485, NULL),
(13233, 'H1-1', 2486, NULL),
(13234, 'H1-2', 2486, NULL),
(13235, 'H1-3', 2486, NULL),
(13236, 'H1-4', 2486, NULL),
(13237, 'H1-5', 2486, NULL),
(13238, 'H2-1', 2487, NULL),
(13239, 'H2-2', 2487, NULL),
(13240, 'H2-3', 2487, NULL),
(13241, 'H2-4', 2487, NULL),
(13242, 'H2-5', 2487, NULL),
(13243, 'H3-1', 2488, NULL),
(13244, 'H3-2', 2488, NULL),
(13245, 'H3-3', 2488, NULL),
(13246, 'H3-4', 2488, NULL),
(13247, 'H3-5', 2488, NULL),
(13248, 'H4-1', 2489, NULL),
(13249, 'H4-2', 2489, NULL),
(13250, 'H4-3', 2489, NULL),
(13251, 'H4-4', 2489, NULL),
(13252, 'H4-5', 2489, NULL),
(13253, 'H5-1', 2490, NULL),
(13254, 'H5-2', 2490, NULL),
(13255, 'H5-3', 2490, NULL),
(13256, 'H5-4', 2490, NULL),
(13257, 'H5-5', 2490, NULL),
(13258, 'H6-1', 2491, NULL),
(13259, 'H6-2', 2491, NULL),
(13260, 'H6-3', 2491, NULL),
(13261, 'H6-4', 2491, NULL),
(13262, 'H6-5', 2491, NULL),
(13263, 'I1-1', 2492, NULL),
(13264, 'I1-2', 2492, NULL),
(13265, 'I1-3', 2492, NULL),
(13266, 'I1-4', 2492, NULL),
(13267, 'I1-5', 2492, NULL),
(13268, 'I2-1', 2493, NULL),
(13269, 'I2-2', 2493, NULL),
(13270, 'I2-3', 2493, NULL),
(13271, 'I2-4', 2493, NULL),
(13272, 'I2-5', 2493, NULL),
(13273, 'I3-1', 2494, NULL),
(13274, 'I3-2', 2494, NULL),
(13275, 'I3-3', 2494, NULL),
(13276, 'I3-4', 2494, NULL),
(13277, 'I3-5', 2494, NULL),
(13278, 'I4-1', 2495, NULL),
(13279, 'I4-2', 2495, NULL),
(13280, 'I4-3', 2495, NULL),
(13281, 'I4-4', 2495, NULL),
(13282, 'I4-5', 2495, NULL),
(13283, 'I5-1', 2496, NULL),
(13284, 'I5-2', 2496, NULL),
(13285, 'I5-3', 2496, NULL),
(13286, 'I5-4', 2496, NULL),
(13287, 'I5-5', 2496, NULL),
(13288, 'I6-1', 2497, NULL),
(13289, 'I6-2', 2497, NULL),
(13290, 'I6-3', 2497, NULL),
(13291, 'I6-4', 2497, NULL),
(13292, 'I6-5', 2497, NULL),
(13293, 'J1-1', 2498, NULL),
(13294, 'J1-2', 2498, NULL),
(13295, 'J1-3', 2498, NULL),
(13296, 'J1-4', 2498, NULL),
(13297, 'J1-5', 2498, NULL),
(13298, 'J2-1', 2499, NULL),
(13299, 'J2-2', 2499, NULL),
(13300, 'J2-3', 2499, NULL),
(13301, 'J2-4', 2499, NULL),
(13302, 'J2-5', 2499, NULL),
(13303, 'J3-1', 2500, NULL),
(13304, 'J3-2', 2500, NULL),
(13305, 'J3-3', 2500, NULL),
(13306, 'J3-4', 2500, NULL),
(13307, 'J3-5', 2500, NULL),
(13308, 'J4-1', 2501, NULL),
(13309, 'J4-2', 2501, NULL),
(13310, 'J4-3', 2501, NULL),
(13311, 'J4-4', 2501, NULL),
(13312, 'J4-5', 2501, NULL),
(13313, 'J5-1', 2502, NULL),
(13314, 'J5-2', 2502, NULL),
(13315, 'J5-3', 2502, NULL),
(13316, 'J5-4', 2502, NULL),
(13317, 'J5-5', 2502, NULL),
(13318, 'J6-1', 2503, NULL),
(13319, 'J6-2', 2503, NULL),
(13320, 'J6-3', 2503, NULL),
(13321, 'J6-4', 2503, NULL),
(13322, 'J6-5', 2503, NULL),
(13323, 'K1-1', 2504, NULL),
(13324, 'K1-2', 2504, NULL),
(13325, 'K1-3', 2504, NULL),
(13326, 'K1-4', 2504, NULL),
(13327, 'K1-5', 2504, NULL),
(13328, 'K2-1', 2505, NULL),
(13329, 'K2-2', 2505, NULL),
(13330, 'K2-3', 2505, NULL),
(13331, 'K2-4', 2505, NULL),
(13332, 'K2-5', 2505, NULL),
(13333, 'K3-1', 2506, NULL),
(13334, 'K3-2', 2506, NULL),
(13335, 'K3-3', 2506, NULL),
(13336, 'K3-4', 2506, NULL),
(13337, 'K3-5', 2506, NULL),
(13338, 'K4-1', 2507, NULL),
(13339, 'K4-2', 2507, NULL),
(13340, 'K4-3', 2507, NULL),
(13341, 'K4-4', 2507, NULL),
(13342, 'K4-5', 2507, NULL),
(13343, 'K5-1', 2508, NULL),
(13344, 'K5-2', 2508, NULL),
(13345, 'K5-3', 2508, NULL),
(13346, 'K5-4', 2508, NULL),
(13347, 'K5-5', 2508, NULL),
(13348, 'K6-1', 2509, NULL),
(13349, 'K6-2', 2509, NULL),
(13350, 'K6-3', 2509, NULL),
(13351, 'K6-4', 2509, NULL),
(13352, 'K6-5', 2509, NULL),
(13353, 'L1-1', 2510, NULL),
(13354, 'L1-2', 2510, NULL),
(13355, 'L1-3', 2510, NULL),
(13356, 'L1-4', 2510, NULL),
(13357, 'L1-5', 2510, NULL),
(13358, 'L2-1', 2511, NULL),
(13359, 'L2-2', 2511, NULL),
(13360, 'L2-3', 2511, NULL),
(13361, 'L2-4', 2511, NULL),
(13362, 'L2-5', 2511, NULL),
(13363, 'L3-1', 2512, NULL),
(13364, 'L3-2', 2512, NULL),
(13365, 'L3-3', 2512, NULL),
(13366, 'L3-4', 2512, NULL),
(13367, 'L3-5', 2512, NULL),
(13368, 'L4-1', 2513, NULL),
(13369, 'L4-2', 2513, NULL),
(13370, 'L4-3', 2513, NULL),
(13371, 'L4-4', 2513, NULL),
(13372, 'L4-5', 2513, NULL),
(13373, 'L5-1', 2514, NULL),
(13374, 'L5-2', 2514, NULL),
(13375, 'L5-3', 2514, NULL),
(13376, 'L5-4', 2514, NULL),
(13377, 'L5-5', 2514, NULL),
(13378, 'L6-1', 2515, NULL),
(13379, 'L6-2', 2515, NULL),
(13380, 'L6-3', 2515, NULL),
(13381, 'L6-4', 2515, NULL),
(13382, 'L6-5', 2515, NULL),
(13383, 'M1-1', 2516, NULL),
(13384, 'M1-2', 2516, NULL),
(13385, 'M1-3', 2516, NULL),
(13386, 'M1-4', 2516, NULL),
(13387, 'M1-5', 2516, NULL),
(13388, 'M2-1', 2517, NULL),
(13389, 'M2-2', 2517, NULL),
(13390, 'M2-3', 2517, NULL),
(13391, 'M2-4', 2517, NULL),
(13392, 'M2-5', 2517, NULL),
(13393, 'M3-1', 2518, NULL),
(13394, 'M3-2', 2518, NULL),
(13395, 'M3-3', 2518, NULL),
(13396, 'M3-4', 2518, NULL),
(13397, 'M3-5', 2518, NULL),
(13398, 'M4-1', 2519, NULL),
(13399, 'M4-2', 2519, NULL),
(13400, 'M4-3', 2519, NULL),
(13401, 'M4-4', 2519, NULL),
(13402, 'M4-5', 2519, NULL),
(13403, 'M5-1', 2520, NULL),
(13404, 'M5-2', 2520, NULL),
(13405, 'M5-3', 2520, NULL),
(13406, 'M5-4', 2520, NULL),
(13407, 'M5-5', 2520, NULL),
(13408, 'M6-1', 2521, NULL),
(13409, 'M6-2', 2521, NULL),
(13410, 'M6-3', 2521, NULL),
(13411, 'M6-4', 2521, NULL),
(13412, 'M6-5', 2521, NULL),
(13413, 'N1-1', 2522, NULL),
(13414, 'N1-2', 2522, NULL),
(13415, 'N1-3', 2522, NULL),
(13416, 'N1-4', 2522, NULL),
(13417, 'N1-5', 2522, NULL),
(13418, 'N2-1', 2523, NULL),
(13419, 'N2-2', 2523, NULL),
(13420, 'N2-3', 2523, NULL),
(13421, 'N2-4', 2523, NULL),
(13422, 'N2-5', 2523, NULL),
(13423, 'N3-1', 2524, NULL),
(13424, 'N3-2', 2524, NULL),
(13425, 'N3-3', 2524, NULL),
(13426, 'N3-4', 2524, NULL),
(13427, 'N3-5', 2524, NULL),
(13428, 'N4-1', 2525, NULL),
(13429, 'N4-2', 2525, NULL),
(13430, 'N4-3', 2525, NULL),
(13431, 'N4-4', 2525, NULL),
(13432, 'N4-5', 2525, NULL),
(13433, 'N5-1', 2526, NULL),
(13434, 'N5-2', 2526, NULL),
(13435, 'N5-3', 2526, NULL),
(13436, 'N5-4', 2526, NULL),
(13437, 'N5-5', 2526, NULL),
(13438, 'N6-1', 2527, NULL),
(13439, 'N6-2', 2527, NULL),
(13440, 'N6-3', 2527, NULL),
(13441, 'N6-4', 2527, NULL),
(13442, 'N6-5', 2527, NULL),
(13443, 'O1-1', 2528, NULL),
(13444, 'O1-2', 2528, NULL),
(13445, 'O1-3', 2528, NULL),
(13446, 'O1-4', 2528, NULL),
(13447, 'O1-5', 2528, NULL),
(13448, 'O2-1', 2529, NULL),
(13449, 'O2-2', 2529, NULL),
(13450, 'O2-3', 2529, NULL),
(13451, 'O2-4', 2529, NULL),
(13452, 'O2-5', 2529, NULL),
(13453, 'O3-1', 2530, NULL),
(13454, 'O3-2', 2530, NULL),
(13455, 'O3-3', 2530, NULL),
(13456, 'O3-4', 2530, NULL),
(13457, 'O3-5', 2530, NULL),
(13458, 'O4-1', 2531, NULL),
(13459, 'O4-2', 2531, NULL),
(13460, 'O4-3', 2531, NULL),
(13461, 'O4-4', 2531, NULL),
(13462, 'O4-5', 2531, NULL),
(13463, 'O5-1', 2532, NULL),
(13464, 'O5-2', 2532, NULL),
(13465, 'O5-3', 2532, NULL),
(13466, 'O5-4', 2532, NULL),
(13467, 'O5-5', 2532, NULL),
(13468, 'O6-1', 2533, NULL),
(13469, 'O6-2', 2533, NULL),
(13470, 'O6-3', 2533, NULL),
(13471, 'O6-4', 2533, NULL),
(13472, 'O6-5', 2533, NULL),
(13473, 'P1-1', 2534, NULL),
(13474, 'P1-2', 2534, NULL),
(13475, 'P1-3', 2534, NULL),
(13476, 'P1-4', 2534, NULL),
(13477, 'A1-1', 2535, NULL),
(13478, 'A1-1', 2536, NULL),
(13479, 'A1-1', 2537, NULL),
(13480, 'A1-1', 2538, NULL),
(13481, 'A1-1', 2539, NULL),
(13482, 'A1-1', 2540, 7),
(13483, 'A1-1', 2541, NULL),
(13484, 'A1-2', 2541, NULL),
(13485, 'A1-3', 2541, NULL),
(13486, 'A1-4', 2541, NULL),
(13487, 'A1-5', 2541, NULL),
(13488, 'A2-1', 2542, NULL),
(13489, 'A2-2', 2542, NULL),
(13490, 'A2-3', 2542, NULL),
(13491, 'A2-4', 2542, NULL),
(13492, 'A2-5', 2542, NULL),
(13493, 'A3-1', 2543, NULL),
(13494, 'A3-2', 2543, NULL),
(13495, 'A3-3', 2543, NULL),
(13496, 'A3-4', 2543, NULL),
(13497, 'A3-5', 2543, NULL),
(13498, 'A4-1', 2544, NULL),
(13499, 'A4-2', 2544, NULL),
(13500, 'A4-3', 2544, NULL),
(13501, 'A4-4', 2544, NULL),
(13502, 'A4-5', 2544, NULL),
(13503, 'A5-1', 2545, NULL),
(13504, 'A5-2', 2545, NULL),
(13505, 'A5-3', 2545, NULL),
(13506, 'A5-4', 2545, NULL),
(13507, 'A5-5', 2545, NULL),
(13508, 'A6-1', 2546, NULL),
(13509, 'A6-2', 2546, NULL),
(13510, 'A6-3', 2546, NULL),
(13511, 'A6-4', 2546, NULL),
(13512, 'A6-5', 2546, NULL),
(13513, 'A7-1', 2547, NULL),
(13514, 'A7-2', 2547, NULL),
(13515, 'A7-3', 2547, NULL),
(13516, 'A7-4', 2547, NULL),
(13517, 'A7-5', 2547, NULL),
(13518, 'A8-1', 2548, NULL),
(13519, 'A8-2', 2548, NULL),
(13520, 'A8-3', 2548, NULL),
(13521, 'A8-4', 2548, NULL),
(13522, 'A8-5', 2548, NULL),
(13523, 'A9-1', 2549, NULL),
(13524, 'A9-2', 2549, NULL),
(13525, 'A9-3', 2549, NULL),
(13526, 'A9-4', 2549, NULL),
(13527, 'A9-5', 2549, NULL),
(13528, 'A10-1', 2550, NULL),
(13529, 'A10-2', 2550, NULL),
(13530, 'A10-3', 2550, NULL),
(13531, 'A10-4', 2550, NULL),
(13532, 'A10-5', 2550, NULL),
(13533, 'A11-1', 2551, NULL),
(13534, 'A11-2', 2551, NULL),
(13535, 'A11-3', 2551, NULL),
(13536, 'A11-4', 2551, NULL),
(13537, 'A11-5', 2551, NULL),
(13538, 'A12-1', 2552, NULL),
(13539, 'A12-2', 2552, NULL),
(13540, 'A12-3', 2552, NULL),
(13541, 'A12-4', 2552, NULL),
(13542, 'A12-5', 2552, NULL),
(13543, 'A13-1', 2553, NULL),
(13544, 'A13-2', 2553, NULL),
(13545, 'A13-3', 2553, NULL),
(13546, 'A13-4', 2553, NULL),
(13547, 'A13-5', 2553, NULL),
(13548, 'A14-1', 2554, NULL),
(13549, 'A14-2', 2554, NULL),
(13550, 'A14-3', 2554, NULL),
(13551, 'A14-4', 2554, NULL),
(13552, 'A14-5', 2554, NULL),
(13553, 'A15-1', 2555, NULL),
(13554, 'A15-2', 2555, NULL),
(13555, 'A15-3', 2555, NULL),
(13556, 'A15-4', 2555, NULL),
(13557, 'A15-5', 2555, NULL),
(13558, 'B1-1', 2556, NULL),
(13559, 'B1-2', 2556, NULL),
(13560, 'B1-3', 2556, NULL),
(13561, 'B1-4', 2556, NULL),
(13562, 'B1-5', 2556, NULL),
(13563, 'B2-1', 2557, NULL),
(13564, 'B2-2', 2557, NULL),
(13565, 'B2-3', 2557, NULL),
(13566, 'B2-4', 2557, NULL),
(13567, 'B2-5', 2557, NULL),
(13568, 'B3-1', 2558, NULL),
(13569, 'B3-2', 2558, NULL),
(13570, 'B3-3', 2558, NULL),
(13571, 'B3-4', 2558, NULL),
(13572, 'B3-5', 2558, NULL),
(13573, 'B4-1', 2559, NULL),
(13574, 'B4-2', 2559, NULL),
(13575, 'B4-3', 2559, NULL),
(13576, 'B4-4', 2559, NULL),
(13577, 'B4-5', 2559, NULL),
(13578, 'B5-1', 2560, NULL),
(13579, 'B5-2', 2560, NULL),
(13580, 'B5-3', 2560, NULL),
(13581, 'B5-4', 2560, NULL),
(13582, 'B5-5', 2560, NULL),
(13583, 'B6-1', 2561, NULL),
(13584, 'B6-2', 2561, NULL),
(13585, 'B6-3', 2561, NULL),
(13586, 'B6-4', 2561, NULL),
(13587, 'B6-5', 2561, NULL),
(13588, 'B7-1', 2562, NULL),
(13589, 'B7-2', 2562, NULL),
(13590, 'B7-3', 2562, NULL),
(13591, 'B7-4', 2562, NULL),
(13592, 'B7-5', 2562, NULL),
(13593, 'B8-1', 2563, NULL),
(13594, 'B8-2', 2563, NULL),
(13595, 'B8-3', 2563, NULL),
(13596, 'B8-4', 2563, NULL),
(13597, 'B8-5', 2563, NULL),
(13598, 'B9-1', 2564, NULL),
(13599, 'B9-2', 2564, NULL),
(13600, 'B9-3', 2564, NULL),
(13601, 'B9-4', 2564, NULL),
(13602, 'B9-5', 2564, NULL),
(13603, 'B10-1', 2565, NULL),
(13604, 'B10-2', 2565, NULL),
(13605, 'B10-3', 2565, NULL),
(13606, 'B10-4', 2565, NULL),
(13607, 'B10-5', 2565, NULL),
(13608, 'B11-1', 2566, NULL),
(13609, 'B11-2', 2566, NULL),
(13610, 'B11-3', 2566, NULL),
(13611, 'B11-4', 2566, NULL),
(13612, 'B11-5', 2566, NULL),
(13613, 'B12-1', 2567, NULL),
(13614, 'B12-2', 2567, NULL),
(13615, 'B12-3', 2567, NULL),
(13616, 'B12-4', 2567, NULL),
(13617, 'B12-5', 2567, NULL),
(13618, 'B13-1', 2568, NULL),
(13619, 'B13-2', 2568, NULL),
(13620, 'B13-3', 2568, NULL),
(13621, 'B13-4', 2568, NULL),
(13622, 'B13-5', 2568, NULL),
(13623, 'B14-1', 2569, NULL),
(13624, 'B14-2', 2569, NULL),
(13625, 'B14-3', 2569, NULL),
(13626, 'B14-4', 2569, NULL),
(13627, 'B14-5', 2569, NULL),
(13628, 'B15-1', 2570, NULL),
(13629, 'B15-2', 2570, NULL),
(13630, 'B15-3', 2570, NULL),
(13631, 'B15-4', 2570, NULL),
(13632, 'B15-5', 2570, NULL),
(13633, 'C1-1', 2571, NULL),
(13634, 'C1-2', 2571, NULL),
(13635, 'C1-3', 2571, NULL),
(13636, 'C1-4', 2571, NULL),
(13637, 'C1-5', 2571, NULL),
(13638, 'C2-1', 2572, NULL),
(13639, 'C2-2', 2572, NULL),
(13640, 'C2-3', 2572, NULL),
(13641, 'C2-4', 2572, NULL),
(13642, 'C2-5', 2572, NULL),
(13643, 'C3-1', 2573, NULL),
(13644, 'C3-2', 2573, NULL),
(13645, 'C3-3', 2573, NULL),
(13646, 'C3-4', 2573, NULL),
(13647, 'C3-5', 2573, NULL),
(13648, 'C4-1', 2574, NULL),
(13649, 'C4-2', 2574, NULL),
(13650, 'C4-3', 2574, NULL),
(13651, 'C4-4', 2574, NULL),
(13652, 'C4-5', 2574, NULL),
(13653, 'C5-1', 2575, NULL),
(13654, 'C5-2', 2575, NULL),
(13655, 'C5-3', 2575, NULL),
(13656, 'C5-4', 2575, NULL),
(13657, 'C5-5', 2575, NULL),
(13658, 'C6-1', 2576, NULL),
(13659, 'C6-2', 2576, NULL),
(13660, 'C6-3', 2576, NULL),
(13661, 'C6-4', 2576, NULL),
(13662, 'C6-5', 2576, NULL),
(13663, 'C7-1', 2577, NULL),
(13664, 'C7-2', 2577, NULL),
(13665, 'C7-3', 2577, NULL),
(13666, 'C7-4', 2577, NULL),
(13667, 'C7-5', 2577, NULL),
(13668, 'C8-1', 2578, NULL),
(13669, 'C8-2', 2578, NULL),
(13670, 'C8-3', 2578, NULL),
(13671, 'C8-4', 2578, NULL),
(13672, 'C8-5', 2578, NULL),
(13673, 'C9-1', 2579, NULL),
(13674, 'C9-2', 2579, NULL),
(13675, 'C9-3', 2579, NULL),
(13676, 'C9-4', 2579, NULL),
(13677, 'C9-5', 2579, NULL),
(13678, 'C10-1', 2580, NULL),
(13679, 'C10-2', 2580, NULL),
(13680, 'C10-3', 2580, NULL),
(13681, 'C10-4', 2580, NULL),
(13682, 'C10-5', 2580, NULL),
(13713, 'A1-1', 2587, NULL),
(13714, 'A1-2', 2587, NULL),
(13715, 'A1-3', 2587, NULL),
(13716, 'A1-4', 2587, NULL),
(13717, 'A1-5', 2587, NULL),
(13718, 'A2-1', 2588, NULL),
(13719, 'A2-2', 2588, NULL),
(13720, 'A2-3', 2588, NULL),
(13721, 'A2-4', 2588, NULL),
(13722, 'A2-5', 2588, NULL),
(13723, 'A3-1', 2589, NULL),
(13724, 'A3-2', 2589, NULL),
(13725, 'A3-3', 2589, NULL),
(13726, 'A3-4', 2589, NULL),
(13727, 'A3-5', 2589, NULL),
(13728, 'A4-1', 2590, NULL),
(13729, 'A4-2', 2590, NULL),
(13730, 'A4-3', 2590, NULL),
(13731, 'A4-4', 2590, NULL),
(13732, 'A4-5', 2590, NULL),
(13733, 'A5-1', 2591, NULL),
(13734, 'A5-2', 2591, NULL),
(13735, 'A5-3', 2591, NULL),
(13736, 'A5-4', 2591, NULL),
(13737, 'A5-5', 2591, NULL),
(13738, 'A6-1', 2592, NULL),
(13739, 'A6-2', 2592, NULL),
(13740, 'A6-3', 2592, NULL),
(13741, 'A6-4', 2592, NULL),
(13742, 'A6-5', 2592, NULL),
(13743, 'A7-1', 2593, NULL),
(13744, 'A7-2', 2593, NULL),
(13745, 'A7-3', 2593, NULL),
(13746, 'A7-4', 2593, NULL),
(13747, 'A7-5', 2593, NULL),
(13748, 'A8-1', 2594, NULL),
(13749, 'A8-2', 2594, NULL),
(13750, 'A8-3', 2594, NULL),
(13751, 'A8-4', 2594, NULL),
(13752, 'A8-5', 2594, NULL),
(13753, 'A9-1', 2595, NULL),
(13754, 'A9-2', 2595, NULL),
(13755, 'A9-3', 2595, NULL),
(13756, 'A9-4', 2595, NULL),
(13757, 'A9-5', 2595, NULL),
(13758, 'A10-1', 2596, NULL),
(13759, 'A10-2', 2596, NULL),
(13760, 'A10-3', 2596, NULL),
(13761, 'A10-4', 2596, NULL),
(13762, 'A10-5', 2596, NULL),
(13763, 'A11-1', 2597, NULL),
(13764, 'A11-2', 2597, NULL),
(13765, 'A11-3', 2597, NULL),
(13766, 'A11-4', 2597, NULL),
(13767, 'A11-5', 2597, NULL),
(13768, 'A12-1', 2598, NULL),
(13769, 'A12-2', 2598, NULL),
(13770, 'A12-3', 2598, NULL),
(13771, 'A12-4', 2598, NULL),
(13772, 'A12-5', 2598, NULL),
(13773, 'A13-1', 2599, NULL),
(13774, 'A13-2', 2599, NULL),
(13775, 'A13-3', 2599, NULL),
(13776, 'A13-4', 2599, NULL),
(13777, 'A13-5', 2599, NULL),
(13778, 'A14-1', 2600, NULL),
(13779, 'A14-2', 2600, NULL),
(13780, 'A14-3', 2600, NULL),
(13781, 'A14-4', 2600, NULL),
(13782, 'A14-5', 2600, NULL),
(13783, 'A15-1', 2601, NULL),
(13784, 'A15-2', 2601, NULL),
(13785, 'A15-3', 2601, NULL),
(13786, 'A15-4', 2601, NULL),
(13787, 'A15-5', 2601, NULL),
(13788, 'B1-1', 2602, NULL),
(13789, 'B1-2', 2602, NULL),
(13790, 'B1-3', 2602, NULL),
(13791, 'B1-4', 2602, NULL),
(13792, 'B1-5', 2602, NULL),
(13793, 'B2-1', 2603, NULL),
(13794, 'B2-2', 2603, NULL),
(13795, 'B2-3', 2603, NULL),
(13796, 'B2-4', 2603, NULL),
(13797, 'B2-5', 2603, NULL),
(13798, 'B3-1', 2604, NULL),
(13799, 'B3-2', 2604, NULL),
(13800, 'B3-3', 2604, NULL),
(13801, 'B3-4', 2604, NULL),
(13802, 'B3-5', 2604, NULL),
(13803, 'B4-1', 2605, NULL),
(13804, 'B4-2', 2605, NULL),
(13805, 'B4-3', 2605, NULL),
(13806, 'B4-4', 2605, NULL),
(13807, 'B4-5', 2605, NULL),
(13808, 'B5-1', 2606, NULL),
(13809, 'B5-2', 2606, NULL),
(13810, 'B5-3', 2606, NULL),
(13811, 'B5-4', 2606, NULL),
(13812, 'B5-5', 2606, NULL),
(13813, 'B6-1', 2607, NULL),
(13814, 'B6-2', 2607, NULL),
(13815, 'B6-3', 2607, NULL),
(13816, 'B6-4', 2607, NULL),
(13817, 'B6-5', 2607, NULL),
(13818, 'B7-1', 2608, NULL),
(13819, 'B7-2', 2608, NULL),
(13820, 'B7-3', 2608, NULL),
(13821, 'B7-4', 2608, NULL),
(13822, 'B7-5', 2608, NULL),
(13823, 'B8-1', 2609, NULL),
(13824, 'B8-2', 2609, NULL),
(13825, 'B8-3', 2609, NULL),
(13826, 'B8-4', 2609, NULL),
(13827, 'B8-5', 2609, NULL),
(13828, 'B9-1', 2610, NULL),
(13829, 'B9-2', 2610, NULL),
(13830, 'B9-3', 2610, NULL),
(13831, 'B9-4', 2610, NULL),
(13832, 'B9-5', 2610, NULL),
(13833, 'B10-1', 2611, NULL),
(13834, 'B10-2', 2611, NULL),
(13835, 'B10-3', 2611, NULL),
(13836, 'B10-4', 2611, NULL),
(13837, 'B10-5', 2611, NULL),
(13838, 'B11-1', 2612, NULL),
(13839, 'B11-2', 2612, NULL),
(13840, 'B11-3', 2612, NULL),
(13841, 'B11-4', 2612, NULL),
(13842, 'B11-5', 2612, NULL),
(13843, 'B12-1', 2613, NULL),
(13844, 'B12-2', 2613, NULL),
(13845, 'B12-3', 2613, NULL),
(13846, 'B12-4', 2613, NULL),
(13847, 'B12-5', 2613, NULL),
(13848, 'B13-1', 2614, NULL),
(13849, 'B13-2', 2614, NULL),
(13850, 'B13-3', 2614, NULL),
(13851, 'B13-4', 2614, NULL),
(13852, 'B13-5', 2614, NULL),
(13853, 'B14-1', 2615, NULL),
(13854, 'B14-2', 2615, NULL),
(13855, 'B14-3', 2615, NULL),
(13856, 'B14-4', 2615, NULL),
(13857, 'B14-5', 2615, NULL),
(13858, 'B15-1', 2616, NULL),
(13859, 'B15-2', 2616, NULL),
(13860, 'B15-3', 2616, NULL),
(13861, 'B15-4', 2616, NULL),
(13862, 'B15-5', 2616, NULL),
(13863, 'C1-1', 2617, NULL),
(13864, 'C1-2', 2617, NULL),
(13865, 'C1-3', 2617, NULL),
(13866, 'C1-4', 2617, NULL),
(13867, 'C1-5', 2617, NULL),
(13868, 'C2-1', 2618, NULL),
(13869, 'C2-2', 2618, NULL),
(13870, 'C2-3', 2618, NULL),
(13871, 'C2-4', 2618, NULL),
(13872, 'C2-5', 2618, NULL),
(13873, 'C3-1', 2619, NULL),
(13874, 'C3-2', 2619, NULL),
(13875, 'C3-3', 2619, NULL),
(13876, 'C3-4', 2619, NULL),
(13877, 'C3-5', 2619, NULL),
(13878, 'C4-1', 2620, NULL),
(13879, 'C4-2', 2620, NULL),
(13880, 'C4-3', 2620, NULL),
(13881, 'C4-4', 2620, NULL),
(13882, 'C4-5', 2620, NULL),
(13883, 'C5-1', 2621, NULL),
(13884, 'C5-2', 2621, NULL),
(13885, 'C5-3', 2621, NULL),
(13886, 'C5-4', 2621, NULL),
(13887, 'C5-5', 2621, NULL),
(13888, 'C6-1', 2622, NULL),
(13889, 'C6-2', 2622, NULL),
(13890, 'C6-3', 2622, NULL),
(13891, 'C6-4', 2622, NULL),
(13892, 'C6-5', 2622, NULL),
(13893, 'C7-1', 2623, NULL),
(13894, 'C7-2', 2623, NULL),
(13895, 'C7-3', 2623, NULL),
(13896, 'C7-4', 2623, NULL),
(13897, 'C7-5', 2623, NULL),
(13898, 'C8-1', 2624, NULL),
(13899, 'C8-2', 2624, NULL),
(13900, 'C8-3', 2624, NULL),
(13901, 'C8-4', 2624, NULL),
(13902, 'C8-5', 2624, NULL),
(13903, 'C9-1', 2625, NULL),
(13904, 'C9-2', 2625, NULL),
(13905, 'C9-3', 2625, NULL),
(13906, 'C9-4', 2625, NULL),
(13907, 'C9-5', 2625, NULL),
(13908, 'C10-1', 2626, NULL),
(13909, 'C10-2', 2626, NULL),
(13910, 'C10-3', 2626, NULL),
(13911, 'C10-4', 2626, NULL),
(13912, 'C10-5', 2626, NULL),
(13913, 'C11-1', 2627, NULL),
(13914, 'C11-2', 2627, NULL),
(13915, 'C11-3', 2627, NULL),
(13916, 'C11-4', 2627, NULL),
(13917, 'C11-5', 2627, NULL),
(13918, 'C12-1', 2628, NULL),
(13919, 'C12-2', 2628, NULL),
(13920, 'C12-3', 2628, NULL),
(13921, 'C12-4', 2628, NULL),
(13922, 'C12-5', 2628, NULL),
(13923, 'C13-1', 2629, NULL),
(13924, 'C13-2', 2629, NULL),
(13925, 'C13-3', 2629, NULL),
(13926, 'C13-4', 2629, NULL),
(13927, 'C13-5', 2629, NULL),
(13928, 'C14-1', 2630, NULL),
(13929, 'C14-2', 2630, NULL),
(13930, 'C14-3', 2630, NULL),
(13931, 'C14-4', 2630, NULL),
(13932, 'C14-5', 2630, NULL),
(13933, 'C15-1', 2631, NULL),
(13934, 'C15-2', 2631, NULL),
(13935, 'C15-3', 2631, NULL),
(13936, 'C15-4', 2631, NULL),
(13937, 'C15-5', 2631, NULL),
(13938, 'D1-1', 2632, NULL),
(13939, 'D1-2', 2632, NULL),
(13940, 'D1-3', 2632, NULL),
(13941, 'D1-4', 2632, NULL),
(13942, 'D1-5', 2632, NULL),
(13943, 'D2-1', 2633, NULL),
(13944, 'D2-2', 2633, NULL),
(13945, 'D2-3', 2633, NULL),
(13946, 'D2-4', 2633, NULL),
(13947, 'D2-5', 2633, NULL),
(13948, 'D3-1', 2634, NULL),
(13949, 'D3-2', 2634, NULL),
(13950, 'D3-3', 2634, NULL),
(13951, 'D3-4', 2634, NULL),
(13952, 'D3-5', 2634, NULL),
(13953, 'D4-1', 2635, NULL),
(13954, 'D4-2', 2635, NULL),
(13955, 'D4-3', 2635, NULL),
(13956, 'D4-4', 2635, NULL),
(13957, 'D4-5', 2635, NULL),
(13958, 'D5-1', 2636, NULL),
(13959, 'D5-2', 2636, NULL),
(13960, 'D5-3', 2636, NULL),
(13961, 'D5-4', 2636, NULL),
(13962, 'D5-5', 2636, NULL),
(13963, 'D6-1', 2637, NULL),
(13964, 'D6-2', 2637, NULL),
(13965, 'D6-3', 2637, NULL),
(13966, 'D6-4', 2637, NULL),
(13967, 'D6-5', 2637, NULL),
(13968, 'D7-1', 2638, NULL),
(13969, 'D7-2', 2638, NULL),
(13970, 'D7-3', 2638, NULL),
(13971, 'D7-4', 2638, NULL),
(13972, 'D7-5', 2638, NULL),
(13973, 'D8-1', 2639, NULL),
(13974, 'D8-2', 2639, NULL),
(13975, 'D8-3', 2639, NULL),
(13976, 'D8-4', 2639, NULL),
(13977, 'D8-5', 2639, NULL),
(13978, 'D9-1', 2640, NULL),
(13979, 'D9-2', 2640, NULL),
(13980, 'D9-3', 2640, NULL),
(13981, 'D9-4', 2640, NULL),
(13982, 'D9-5', 2640, NULL),
(13983, 'D10-1', 2641, NULL),
(13984, 'D10-2', 2641, NULL),
(13985, 'D10-3', 2641, NULL),
(13986, 'D10-4', 2641, NULL),
(13987, 'D10-5', 2641, NULL),
(13988, 'D11-1', 2642, NULL),
(13989, 'D11-2', 2642, NULL),
(13990, 'D11-3', 2642, NULL),
(13991, 'D11-4', 2642, NULL),
(13992, 'D11-5', 2642, NULL),
(13993, 'D12-1', 2643, NULL),
(13994, 'D12-2', 2643, NULL),
(13995, 'D12-3', 2643, NULL),
(13996, 'D12-4', 2643, NULL),
(13997, 'D12-5', 2643, NULL),
(13998, 'D13-1', 2644, NULL),
(13999, 'D13-2', 2644, NULL),
(14000, 'D13-3', 2644, NULL),
(14001, 'D13-4', 2644, NULL),
(14002, 'D13-5', 2644, NULL),
(14003, 'D14-1', 2645, NULL),
(14004, 'D14-2', 2645, NULL),
(14005, 'D14-3', 2645, NULL),
(14006, 'D14-4', 2645, NULL),
(14007, 'D14-5', 2645, NULL),
(14008, 'D15-1', 2646, NULL),
(14009, 'D15-2', 2646, NULL),
(14010, 'D15-3', 2646, NULL),
(14011, 'D15-4', 2646, NULL),
(14012, 'D15-5', 2646, NULL),
(14013, 'E1-1', 2647, NULL),
(14014, 'E1-2', 2647, NULL),
(14015, 'E1-3', 2647, NULL),
(14016, 'E1-4', 2647, NULL),
(14017, 'E1-5', 2647, NULL),
(14018, 'E2-1', 2648, NULL),
(14019, 'E2-2', 2648, NULL),
(14020, 'E2-3', 2648, NULL),
(14021, 'E2-4', 2648, NULL),
(14022, 'E2-5', 2648, NULL),
(14023, 'E3-1', 2649, NULL),
(14024, 'E3-2', 2649, NULL),
(14025, 'E3-3', 2649, NULL),
(14026, 'E3-4', 2649, NULL),
(14027, 'E3-5', 2649, NULL),
(14028, 'E4-1', 2650, NULL),
(14029, 'E4-2', 2650, NULL),
(14030, 'E4-3', 2650, NULL),
(14031, 'E4-4', 2650, NULL),
(14032, 'E4-5', 2650, NULL),
(14033, 'E5-1', 2651, NULL),
(14034, 'E5-2', 2651, NULL),
(14035, 'E5-3', 2651, NULL),
(14036, 'E5-4', 2651, NULL),
(14037, 'E5-5', 2651, NULL),
(14038, 'E6-1', 2652, NULL),
(14039, 'E6-2', 2652, NULL),
(14040, 'E6-3', 2652, NULL),
(14041, 'E6-4', 2652, NULL),
(14042, 'E6-5', 2652, NULL),
(14043, 'E7-1', 2653, NULL),
(14044, 'E7-2', 2653, NULL),
(14045, 'E7-3', 2653, NULL),
(14046, 'E7-4', 2653, NULL),
(14047, 'E7-5', 2653, NULL),
(14048, 'E8-1', 2654, NULL),
(14049, 'E8-2', 2654, NULL),
(14050, 'E8-3', 2654, NULL),
(14051, 'E8-4', 2654, NULL),
(14052, 'E8-5', 2654, NULL),
(14053, 'E9-1', 2655, NULL),
(14054, 'E9-2', 2655, NULL),
(14055, 'E9-3', 2655, NULL),
(14056, 'E9-4', 2655, NULL),
(14057, 'E9-5', 2655, NULL),
(14058, 'E10-1', 2656, NULL),
(14059, 'E10-2', 2656, NULL),
(14060, 'E10-3', 2656, NULL),
(14061, 'E10-4', 2656, NULL),
(14062, 'E10-5', 2656, NULL),
(14063, 'E11-1', 2657, NULL),
(14064, 'E11-2', 2657, NULL),
(14065, 'E11-3', 2657, NULL),
(14066, 'E11-4', 2657, NULL),
(14067, 'E11-5', 2657, NULL),
(14068, 'E12-1', 2658, NULL),
(14069, 'E12-2', 2658, NULL),
(14070, 'E12-3', 2658, NULL),
(14071, 'E12-4', 2658, NULL),
(14072, 'E12-5', 2658, NULL),
(14073, 'E13-1', 2659, NULL),
(14074, 'E13-2', 2659, NULL),
(14075, 'E13-3', 2659, NULL),
(14076, 'E13-4', 2659, NULL),
(14077, 'E13-5', 2659, NULL),
(14078, 'E14-1', 2660, NULL),
(14079, 'E14-2', 2660, NULL),
(14080, 'E14-3', 2660, NULL),
(14081, 'E14-4', 2660, NULL),
(14082, 'E14-5', 2660, NULL),
(14083, 'E15-1', 2661, NULL),
(14084, 'E15-2', 2661, NULL),
(14085, 'E15-3', 2661, NULL),
(14086, 'E15-4', 2661, NULL),
(14087, 'E15-5', 2661, NULL),
(14088, 'F1-1', 2662, NULL),
(14089, 'F1-2', 2662, NULL),
(14090, 'F1-3', 2662, NULL),
(14091, 'F1-4', 2662, NULL),
(14092, 'F1-5', 2662, NULL),
(14093, 'F2-1', 2663, NULL),
(14094, 'F2-2', 2663, NULL),
(14095, 'F2-3', 2663, NULL),
(14096, 'F2-4', 2663, NULL),
(14097, 'F2-5', 2663, NULL),
(14098, 'F3-1', 2664, NULL),
(14099, 'F3-2', 2664, NULL),
(14100, 'F3-3', 2664, NULL),
(14101, 'F3-4', 2664, NULL),
(14102, 'F3-5', 2664, NULL),
(14103, 'F4-1', 2665, NULL),
(14104, 'F4-2', 2665, NULL),
(14105, 'F4-3', 2665, NULL),
(14106, 'F4-4', 2665, NULL),
(14107, 'F4-5', 2665, NULL),
(14108, 'F5-1', 2666, NULL),
(14109, 'F5-2', 2666, NULL),
(14110, 'F5-3', 2666, NULL),
(14111, 'F5-4', 2666, NULL),
(14112, 'F5-5', 2666, NULL),
(14113, 'F6-1', 2667, NULL),
(14114, 'F6-2', 2667, NULL),
(14115, 'F6-3', 2667, NULL),
(14116, 'F6-4', 2667, NULL),
(14117, 'F6-5', 2667, NULL),
(14118, 'F7-1', 2668, NULL),
(14119, 'F7-2', 2668, NULL),
(14120, 'F7-3', 2668, NULL),
(14121, 'F7-4', 2668, NULL),
(14122, 'F7-5', 2668, NULL),
(14123, 'F8-1', 2669, NULL),
(14124, 'F8-2', 2669, NULL),
(14125, 'F8-3', 2669, NULL),
(14126, 'F8-4', 2669, NULL),
(14127, 'F8-5', 2669, NULL),
(14128, 'F9-1', 2670, NULL),
(14129, 'F9-2', 2670, NULL),
(14130, 'F9-3', 2670, NULL),
(14131, 'F9-4', 2670, NULL),
(14132, 'F9-5', 2670, NULL),
(14133, 'F10-1', 2671, NULL),
(14134, 'F10-2', 2671, NULL),
(14135, 'F10-3', 2671, NULL),
(14136, 'F10-4', 2671, NULL),
(14137, 'F10-5', 2671, NULL),
(14138, 'F11-1', 2672, NULL),
(14139, 'F11-2', 2672, NULL),
(14140, 'F11-3', 2672, NULL),
(14141, 'F11-4', 2672, NULL),
(14142, 'F11-5', 2672, NULL),
(14143, 'F12-1', 2673, NULL),
(14144, 'F12-2', 2673, NULL),
(14145, 'F12-3', 2673, NULL),
(14146, 'F12-4', 2673, NULL),
(14147, 'F12-5', 2673, NULL),
(14148, 'F13-1', 2674, NULL),
(14149, 'F13-2', 2674, NULL),
(14150, 'F13-3', 2674, NULL),
(14151, 'F13-4', 2674, NULL),
(14152, 'F13-5', 2674, NULL),
(14153, 'F14-1', 2675, NULL),
(14154, 'F14-2', 2675, NULL),
(14155, 'F14-3', 2675, NULL),
(14156, 'F14-4', 2675, NULL),
(14157, 'F14-5', 2675, NULL),
(14158, 'F15-1', 2676, NULL),
(14159, 'F15-2', 2676, NULL),
(14160, 'F15-3', 2676, NULL),
(14161, 'F15-4', 2676, NULL),
(14162, 'F15-5', 2676, NULL),
(14163, 'G1-1', 2677, NULL),
(14164, 'G1-2', 2677, NULL),
(14165, 'G1-3', 2677, NULL),
(14166, 'G1-4', 2677, NULL),
(14167, 'G1-5', 2677, NULL),
(14168, 'G2-1', 2678, NULL),
(14169, 'G2-2', 2678, NULL),
(14170, 'G2-3', 2678, NULL),
(14171, 'G2-4', 2678, NULL),
(14172, 'G2-5', 2678, NULL),
(14173, 'G3-1', 2679, NULL),
(14174, 'G3-2', 2679, NULL),
(14175, 'G3-3', 2679, NULL),
(14176, 'G3-4', 2679, NULL),
(14177, 'G3-5', 2679, NULL),
(14178, 'G4-1', 2680, NULL),
(14179, 'G4-2', 2680, NULL),
(14180, 'G4-3', 2680, NULL),
(14181, 'G4-4', 2680, NULL),
(14182, 'G4-5', 2680, NULL),
(14183, 'G5-1', 2681, NULL),
(14184, 'G5-2', 2681, NULL),
(14185, 'G5-3', 2681, NULL),
(14186, 'G5-4', 2681, NULL),
(14187, 'G5-5', 2681, NULL),
(14188, 'G6-1', 2682, NULL),
(14189, 'G6-2', 2682, NULL),
(14190, 'G6-3', 2682, NULL),
(14191, 'G6-4', 2682, NULL),
(14192, 'G6-5', 2682, NULL),
(14193, 'G7-1', 2683, NULL),
(14194, 'G7-2', 2683, NULL),
(14195, 'G7-3', 2683, NULL),
(14196, 'G7-4', 2683, NULL),
(14197, 'G7-5', 2683, NULL),
(14198, 'G8-1', 2684, NULL),
(14199, 'G8-2', 2684, NULL),
(14200, 'G8-3', 2684, NULL),
(14201, 'G8-4', 2684, NULL),
(14202, 'G8-5', 2684, NULL),
(14203, 'G9-1', 2685, NULL),
(14204, 'G9-2', 2685, NULL),
(14205, 'G9-3', 2685, NULL),
(14206, 'G9-4', 2685, NULL),
(14207, 'G9-5', 2685, NULL),
(14208, 'G10-1', 2686, NULL),
(14209, 'G10-2', 2686, NULL),
(14210, 'G10-3', 2686, NULL),
(14211, 'G10-4', 2686, NULL),
(14212, 'G10-5', 2686, NULL),
(14213, 'G11-1', 2687, NULL),
(14214, 'G11-2', 2687, NULL),
(14215, 'G11-3', 2687, NULL),
(14216, 'G11-4', 2687, NULL),
(14217, 'G11-5', 2687, NULL),
(14218, 'G12-1', 2688, NULL),
(14219, 'G12-2', 2688, NULL),
(14220, 'G12-3', 2688, NULL),
(14221, 'G12-4', 2688, NULL),
(14222, 'G12-5', 2688, NULL),
(14223, 'G13-1', 2689, NULL),
(14224, 'G13-2', 2689, NULL),
(14225, 'G13-3', 2689, NULL),
(14226, 'G13-4', 2689, NULL),
(14227, 'G13-5', 2689, NULL),
(14228, 'G14-1', 2690, NULL),
(14229, 'G14-2', 2690, NULL),
(14230, 'G14-3', 2690, NULL),
(14231, 'G14-4', 2690, NULL),
(14232, 'G14-5', 2690, NULL),
(14233, 'G15-1', 2691, NULL),
(14234, 'G15-2', 2691, NULL),
(14235, 'G15-3', 2691, NULL),
(14236, 'G15-4', 2691, NULL),
(14237, 'G15-5', 2691, NULL),
(14238, 'H1-1', 2692, NULL),
(14239, 'H1-2', 2692, NULL),
(14240, 'H1-3', 2692, NULL),
(14241, 'H1-4', 2692, NULL),
(14242, 'H1-5', 2692, NULL),
(14243, 'H2-1', 2693, NULL),
(14244, 'H2-2', 2693, NULL),
(14245, 'H2-3', 2693, NULL),
(14246, 'H2-4', 2693, NULL),
(14247, 'H2-5', 2693, NULL),
(14248, 'H3-1', 2694, NULL),
(14249, 'H3-2', 2694, NULL),
(14250, 'H3-3', 2694, NULL),
(14251, 'H3-4', 2694, NULL),
(14252, 'H3-5', 2694, NULL),
(14253, 'H4-1', 2695, NULL),
(14254, 'H4-2', 2695, NULL),
(14255, 'H4-3', 2695, NULL),
(14256, 'H4-4', 2695, NULL),
(14257, 'H4-5', 2695, NULL),
(14258, 'H5-1', 2696, NULL),
(14259, 'H5-2', 2696, NULL),
(14260, 'H5-3', 2696, NULL),
(14261, 'H5-4', 2696, NULL),
(14262, 'H5-5', 2696, NULL),
(14263, 'H6-1', 2697, NULL),
(14264, 'H6-2', 2697, NULL),
(14265, 'H6-3', 2697, NULL),
(14266, 'H6-4', 2697, NULL),
(14267, 'H6-5', 2697, NULL),
(14268, 'H7-1', 2698, NULL),
(14269, 'H7-2', 2698, NULL),
(14270, 'H7-3', 2698, NULL),
(14271, 'H7-4', 2698, NULL),
(14272, 'H7-5', 2698, NULL),
(14273, 'H8-1', 2699, NULL),
(14274, 'H8-2', 2699, NULL),
(14275, 'H8-3', 2699, NULL),
(14276, 'H8-4', 2699, NULL),
(14277, 'H8-5', 2699, NULL),
(14278, 'H9-1', 2700, NULL),
(14279, 'H9-2', 2700, NULL),
(14280, 'H9-3', 2700, NULL),
(14281, 'H9-4', 2700, NULL),
(14282, 'H9-5', 2700, NULL),
(14283, 'H10-1', 2701, NULL),
(14284, 'H10-2', 2701, NULL),
(14285, 'H10-3', 2701, NULL),
(14286, 'H10-4', 2701, NULL),
(14287, 'H10-5', 2701, NULL),
(14288, 'H11-1', 2702, NULL),
(14289, 'H11-2', 2702, NULL),
(14290, 'H11-3', 2702, NULL),
(14291, 'H11-4', 2702, NULL),
(14292, 'H11-5', 2702, NULL),
(14293, 'H12-1', 2703, NULL),
(14294, 'H12-2', 2703, NULL),
(14295, 'H12-3', 2703, NULL),
(14296, 'H12-4', 2703, NULL),
(14297, 'H12-5', 2703, NULL),
(14298, 'H13-1', 2704, NULL),
(14299, 'H13-2', 2704, NULL),
(14300, 'H13-3', 2704, NULL),
(14301, 'H13-4', 2704, NULL),
(14302, 'H13-5', 2704, NULL),
(14303, 'H14-1', 2705, NULL),
(14304, 'H14-2', 2705, NULL),
(14305, 'H14-3', 2705, NULL),
(14306, 'H14-4', 2705, NULL),
(14307, 'H14-5', 2705, NULL),
(14308, 'H15-1', 2706, NULL),
(14309, 'H15-2', 2706, NULL),
(14310, 'H15-3', 2706, NULL),
(14311, 'H15-4', 2706, NULL),
(14312, 'H15-5', 2706, NULL),
(14313, 'I1-1', 2707, NULL),
(14314, 'I1-2', 2707, NULL),
(14315, 'I1-3', 2707, NULL),
(14316, 'I1-4', 2707, NULL),
(14317, 'I1-5', 2707, NULL),
(14318, 'I2-1', 2708, NULL),
(14319, 'I2-2', 2708, NULL),
(14320, 'I2-3', 2708, NULL),
(14321, 'I2-4', 2708, NULL),
(14322, 'I2-5', 2708, NULL),
(14323, 'I3-1', 2709, NULL),
(14324, 'I3-2', 2709, NULL),
(14325, 'I3-3', 2709, NULL),
(14326, 'I3-4', 2709, NULL),
(14327, 'I3-5', 2709, NULL),
(14328, 'I4-1', 2710, NULL),
(14329, 'I4-2', 2710, NULL),
(14330, 'I4-3', 2710, NULL),
(14331, 'I4-4', 2710, NULL),
(14332, 'I4-5', 2710, NULL),
(14333, 'I5-1', 2711, NULL),
(14334, 'I5-2', 2711, NULL),
(14335, 'I5-3', 2711, NULL),
(14336, 'I5-4', 2711, NULL),
(14337, 'I5-5', 2711, NULL),
(14338, 'I6-1', 2712, NULL),
(14339, 'I6-2', 2712, NULL),
(14340, 'I6-3', 2712, NULL),
(14341, 'I6-4', 2712, NULL),
(14342, 'I6-5', 2712, NULL),
(14343, 'I7-1', 2713, NULL),
(14344, 'I7-2', 2713, NULL),
(14345, 'I7-3', 2713, NULL),
(14346, 'I7-4', 2713, NULL),
(14347, 'I7-5', 2713, NULL),
(14348, 'I8-1', 2714, NULL),
(14349, 'I8-2', 2714, NULL),
(14350, 'I8-3', 2714, NULL),
(14351, 'I8-4', 2714, NULL),
(14352, 'I8-5', 2714, NULL),
(14353, 'I9-1', 2715, NULL),
(14354, 'I9-2', 2715, NULL),
(14355, 'I9-3', 2715, NULL),
(14356, 'I9-4', 2715, NULL),
(14357, 'I9-5', 2715, NULL),
(14358, 'I10-1', 2716, NULL),
(14359, 'I10-2', 2716, NULL),
(14360, 'I10-3', 2716, NULL),
(14361, 'I10-4', 2716, NULL),
(14362, 'I10-5', 2716, NULL),
(14363, 'I11-1', 2717, NULL),
(14364, 'I11-2', 2717, NULL),
(14365, 'I11-3', 2717, NULL),
(14366, 'I11-4', 2717, NULL),
(14367, 'I11-5', 2717, NULL),
(14368, 'I12-1', 2718, NULL),
(14369, 'I12-2', 2718, NULL),
(14370, 'I12-3', 2718, NULL),
(14371, 'I12-4', 2718, NULL),
(14372, 'I12-5', 2718, NULL),
(14373, 'I13-1', 2719, NULL),
(14374, 'I13-2', 2719, NULL),
(14375, 'I13-3', 2719, NULL),
(14376, 'I13-4', 2719, NULL),
(14377, 'I13-5', 2719, NULL),
(14378, 'I14-1', 2720, NULL),
(14379, 'I14-2', 2720, NULL),
(14380, 'I14-3', 2720, NULL);
INSERT INTO `chair` (`id`, `name`, `row_id`, `user_id`) VALUES
(14381, 'I14-4', 2720, NULL),
(14382, 'I14-5', 2720, NULL),
(14383, 'I15-1', 2721, NULL),
(14384, 'I15-2', 2721, NULL),
(14385, 'I15-3', 2721, NULL),
(14386, 'I15-4', 2721, NULL),
(14387, 'I15-5', 2721, NULL),
(14388, 'J1-1', 2722, NULL),
(14389, 'J1-2', 2722, NULL),
(14390, 'J1-3', 2722, NULL),
(14391, 'J1-4', 2722, NULL),
(14392, 'J1-5', 2722, NULL),
(14393, 'J2-1', 2723, NULL),
(14394, 'J2-2', 2723, NULL),
(14395, 'J2-3', 2723, NULL),
(14396, 'J2-4', 2723, NULL),
(14397, 'J2-5', 2723, NULL),
(14398, 'J3-1', 2724, NULL),
(14399, 'J3-2', 2724, NULL),
(14400, 'J3-3', 2724, NULL),
(14401, 'J3-4', 2724, NULL),
(14402, 'J3-5', 2724, NULL),
(14403, 'J4-1', 2725, NULL),
(14404, 'J4-2', 2725, NULL),
(14405, 'J4-3', 2725, NULL),
(14406, 'J4-4', 2725, NULL),
(14407, 'J4-5', 2725, NULL),
(14408, 'J5-1', 2726, NULL),
(14409, 'J5-2', 2726, NULL),
(14410, 'J5-3', 2726, NULL),
(14411, 'J5-4', 2726, NULL),
(14412, 'J5-5', 2726, NULL),
(14413, 'J6-1', 2727, NULL),
(14414, 'J6-2', 2727, NULL),
(14415, 'J6-3', 2727, NULL),
(14416, 'J6-4', 2727, NULL),
(14417, 'J6-5', 2727, NULL),
(14418, 'J7-1', 2728, NULL),
(14419, 'J7-2', 2728, NULL),
(14420, 'J7-3', 2728, NULL),
(14421, 'J7-4', 2728, NULL),
(14422, 'J7-5', 2728, NULL),
(14423, 'J8-1', 2729, NULL),
(14424, 'J8-2', 2729, NULL),
(14425, 'J8-3', 2729, NULL),
(14426, 'J8-4', 2729, NULL),
(14427, 'J8-5', 2729, NULL),
(14428, 'J9-1', 2730, NULL),
(14429, 'J9-2', 2730, NULL),
(14430, 'J9-3', 2730, NULL),
(14431, 'J9-4', 2730, NULL),
(14432, 'J9-5', 2730, NULL),
(14433, 'J10-1', 2731, NULL),
(14434, 'J10-2', 2731, NULL),
(14435, 'J10-3', 2731, NULL),
(14436, 'J10-4', 2731, NULL),
(14437, 'J10-5', 2731, NULL),
(14438, 'J11-1', 2732, NULL),
(14439, 'J11-2', 2732, NULL),
(14440, 'J11-3', 2732, NULL),
(14441, 'J11-4', 2732, NULL),
(14442, 'J11-5', 2732, NULL),
(14443, 'J12-1', 2733, NULL),
(14444, 'J12-2', 2733, NULL),
(14445, 'J12-3', 2733, NULL),
(14446, 'J12-4', 2733, NULL),
(14447, 'J12-5', 2733, NULL),
(14448, 'J13-1', 2734, NULL),
(14449, 'J13-2', 2734, NULL),
(14450, 'J13-3', 2734, NULL),
(14451, 'J13-4', 2734, NULL),
(14452, 'J13-5', 2734, NULL),
(14453, 'J14-1', 2735, NULL),
(14454, 'J14-2', 2735, NULL),
(14455, 'J14-3', 2735, NULL),
(14456, 'J14-4', 2735, NULL),
(14457, 'J14-5', 2735, NULL),
(14458, 'J15-1', 2736, NULL),
(14459, 'J15-2', 2736, NULL),
(14460, 'J15-3', 2736, NULL),
(14461, 'J15-4', 2736, NULL),
(14462, 'J15-5', 2736, NULL),
(14463, 'K1-1', 2737, NULL),
(14464, 'K1-2', 2737, NULL),
(14465, 'K1-3', 2737, NULL),
(14466, 'K1-4', 2737, NULL),
(14467, 'K1-5', 2737, NULL),
(14468, 'K2-1', 2738, NULL),
(14469, 'K2-2', 2738, NULL),
(14470, 'K2-3', 2738, NULL),
(14471, 'K2-4', 2738, NULL),
(14472, 'K2-5', 2738, NULL),
(14473, 'K3-1', 2739, NULL),
(14474, 'K3-2', 2739, NULL),
(14475, 'K3-3', 2739, NULL),
(14476, 'K3-4', 2739, NULL),
(14477, 'K3-5', 2739, NULL),
(14478, 'K4-1', 2740, NULL),
(14479, 'K4-2', 2740, NULL),
(14480, 'K4-3', 2740, NULL),
(14481, 'K4-4', 2740, NULL),
(14482, 'K4-5', 2740, NULL),
(14483, 'K5-1', 2741, NULL),
(14484, 'K5-2', 2741, NULL),
(14485, 'K5-3', 2741, NULL),
(14486, 'K5-4', 2741, NULL),
(14487, 'K5-5', 2741, NULL),
(14488, 'K6-1', 2742, NULL),
(14489, 'K6-2', 2742, NULL),
(14490, 'K6-3', 2742, NULL),
(14491, 'K6-4', 2742, NULL),
(14492, 'K6-5', 2742, NULL),
(14493, 'K7-1', 2743, NULL),
(14494, 'K7-2', 2743, NULL),
(14495, 'K7-3', 2743, NULL),
(14496, 'K7-4', 2743, NULL),
(14497, 'K7-5', 2743, NULL),
(14498, 'K8-1', 2744, NULL),
(14499, 'K8-2', 2744, NULL),
(14500, 'K8-3', 2744, NULL),
(14501, 'K8-4', 2744, NULL),
(14502, 'K8-5', 2744, NULL),
(14503, 'K9-1', 2745, NULL),
(14504, 'K9-2', 2745, NULL),
(14505, 'K9-3', 2745, NULL),
(14506, 'K9-4', 2745, NULL),
(14507, 'K9-5', 2745, NULL),
(14508, 'K10-1', 2746, NULL),
(14509, 'K10-2', 2746, NULL),
(14510, 'K10-3', 2746, NULL),
(14511, 'K10-4', 2746, NULL),
(14512, 'K10-5', 2746, NULL),
(14513, 'K11-1', 2747, NULL),
(14514, 'K11-2', 2747, NULL),
(14515, 'K11-3', 2747, NULL),
(14516, 'K11-4', 2747, NULL),
(14517, 'K11-5', 2747, NULL),
(14518, 'K12-1', 2748, NULL),
(14519, 'K12-2', 2748, NULL),
(14520, 'K12-3', 2748, NULL),
(14521, 'K12-4', 2748, NULL),
(14522, 'K12-5', 2748, NULL),
(14523, 'K13-1', 2749, NULL),
(14524, 'K13-2', 2749, NULL),
(14525, 'K13-3', 2749, NULL),
(14526, 'K13-4', 2749, NULL),
(14527, 'K13-5', 2749, NULL),
(14528, 'K14-1', 2750, NULL),
(14529, 'K14-2', 2750, NULL),
(14530, 'K14-3', 2750, NULL),
(14531, 'K14-4', 2750, NULL),
(14532, 'K14-5', 2750, NULL),
(14533, 'K15-1', 2751, NULL),
(14534, 'K15-2', 2751, NULL),
(14535, 'K15-3', 2751, NULL),
(14536, 'K15-4', 2751, NULL),
(14537, 'K15-5', 2751, NULL),
(14538, 'L1-1', 2752, NULL),
(14539, 'L1-2', 2752, NULL),
(14540, 'L1-3', 2752, NULL),
(14541, 'L1-4', 2752, NULL),
(14542, 'L1-5', 2752, NULL),
(14543, 'L2-1', 2753, NULL),
(14544, 'L2-2', 2753, NULL),
(14545, 'L2-3', 2753, NULL),
(14546, 'L2-4', 2753, NULL),
(14547, 'L2-5', 2753, NULL),
(14548, 'L3-1', 2754, NULL),
(14549, 'L3-2', 2754, NULL),
(14550, 'L3-3', 2754, NULL),
(14551, 'L3-4', 2754, NULL),
(14552, 'L3-5', 2754, NULL),
(14553, 'L4-1', 2755, NULL),
(14554, 'L4-2', 2755, NULL),
(14555, 'L4-3', 2755, NULL),
(14556, 'L4-4', 2755, NULL),
(14557, 'L4-5', 2755, NULL),
(14558, 'L5-1', 2756, NULL),
(14559, 'L5-2', 2756, NULL),
(14560, 'L5-3', 2756, NULL),
(14561, 'L5-4', 2756, NULL),
(14562, 'L5-5', 2756, NULL),
(14563, 'L6-1', 2757, NULL),
(14564, 'L6-2', 2757, NULL),
(14565, 'L6-3', 2757, NULL),
(14566, 'L6-4', 2757, NULL),
(14567, 'L6-5', 2757, NULL),
(14568, 'L7-1', 2758, NULL),
(14569, 'L7-2', 2758, NULL),
(14570, 'L7-3', 2758, NULL),
(14571, 'L7-4', 2758, NULL),
(14572, 'L7-5', 2758, NULL),
(14573, 'L8-1', 2759, NULL),
(14574, 'L8-2', 2759, NULL),
(14575, 'L8-3', 2759, NULL),
(14576, 'L8-4', 2759, NULL),
(14577, 'L8-5', 2759, NULL),
(14578, 'L9-1', 2760, NULL),
(14579, 'L9-2', 2760, NULL),
(14580, 'L9-3', 2760, NULL),
(14581, 'L9-4', 2760, NULL),
(14582, 'L9-5', 2760, NULL),
(14583, 'L10-1', 2761, NULL),
(14584, 'L10-2', 2761, NULL),
(14585, 'L10-3', 2761, NULL),
(14586, 'L10-4', 2761, NULL),
(14587, 'L10-5', 2761, NULL),
(14588, 'L11-1', 2762, NULL),
(14589, 'L11-2', 2762, NULL),
(14590, 'L11-3', 2762, NULL),
(14591, 'L11-4', 2762, NULL),
(14592, 'L11-5', 2762, NULL),
(14593, 'L12-1', 2763, NULL),
(14594, 'L12-2', 2763, NULL),
(14595, 'L12-3', 2763, NULL),
(14596, 'L12-4', 2763, NULL),
(14597, 'L12-5', 2763, NULL),
(14598, 'L13-1', 2764, NULL),
(14599, 'L13-2', 2764, NULL),
(14600, 'L13-3', 2764, NULL),
(14601, 'L13-4', 2764, NULL),
(14602, 'L13-5', 2764, NULL),
(14603, 'L14-1', 2765, NULL),
(14604, 'L14-2', 2765, NULL),
(14605, 'L14-3', 2765, NULL),
(14606, 'L14-4', 2765, NULL),
(14607, 'L14-5', 2765, NULL),
(14608, 'L15-1', 2766, NULL),
(14609, 'L15-2', 2766, NULL),
(14610, 'L15-3', 2766, NULL),
(14611, 'L15-4', 2766, NULL),
(14612, 'L15-5', 2766, NULL),
(14613, 'M1-1', 2767, NULL),
(14614, 'M1-2', 2767, NULL),
(14615, 'M1-3', 2767, NULL),
(14616, 'M1-4', 2767, NULL),
(14617, 'M1-5', 2767, NULL),
(14618, 'M2-1', 2768, NULL),
(14619, 'M2-2', 2768, NULL),
(14620, 'M2-3', 2768, NULL),
(14621, 'M2-4', 2768, NULL),
(14622, 'M2-5', 2768, NULL),
(14623, 'M3-1', 2769, NULL),
(14624, 'M3-2', 2769, NULL),
(14625, 'M3-3', 2769, NULL),
(14626, 'M3-4', 2769, NULL),
(14627, 'M3-5', 2769, NULL),
(14628, 'M4-1', 2770, NULL),
(14629, 'M4-2', 2770, NULL),
(14630, 'M4-3', 2770, NULL),
(14631, 'M4-4', 2770, NULL),
(14632, 'M4-5', 2770, NULL),
(14633, 'M5-1', 2771, NULL),
(14634, 'M5-2', 2771, NULL),
(14635, 'M5-3', 2771, NULL),
(14636, 'M5-4', 2771, NULL),
(14637, 'M5-5', 2771, NULL),
(14638, 'M6-1', 2772, NULL),
(14639, 'M6-2', 2772, NULL),
(14640, 'M6-3', 2772, NULL),
(14641, 'M6-4', 2772, NULL),
(14642, 'M6-5', 2772, NULL),
(14643, 'M7-1', 2773, NULL),
(14644, 'M7-2', 2773, NULL),
(14645, 'M7-3', 2773, NULL),
(14646, 'M7-4', 2773, NULL),
(14647, 'M7-5', 2773, NULL),
(14648, 'M8-1', 2774, NULL),
(14649, 'M8-2', 2774, NULL),
(14650, 'M8-3', 2774, NULL),
(14651, 'M8-4', 2774, NULL),
(14652, 'M8-5', 2774, NULL),
(14653, 'M9-1', 2775, NULL),
(14654, 'M9-2', 2775, NULL),
(14655, 'M9-3', 2775, NULL),
(14656, 'M9-4', 2775, NULL),
(14657, 'M9-5', 2775, NULL),
(14658, 'M10-1', 2776, NULL),
(14659, 'M10-2', 2776, NULL),
(14660, 'M10-3', 2776, NULL),
(14661, 'M10-4', 2776, NULL),
(14662, 'M10-5', 2776, NULL),
(14663, 'M11-1', 2777, NULL),
(14664, 'M11-2', 2777, NULL),
(14665, 'M11-3', 2777, NULL),
(14666, 'M11-4', 2777, NULL),
(14667, 'M11-5', 2777, NULL),
(14668, 'M12-1', 2778, NULL),
(14669, 'M12-2', 2778, NULL),
(14670, 'M12-3', 2778, NULL),
(14671, 'M12-4', 2778, NULL),
(14672, 'M12-5', 2778, NULL),
(14673, 'M13-1', 2779, NULL),
(14674, 'M13-2', 2779, NULL),
(14675, 'M13-3', 2779, NULL),
(14676, 'M13-4', 2779, NULL),
(14677, 'M13-5', 2779, NULL),
(14678, 'M14-1', 2780, NULL),
(14679, 'M14-2', 2780, NULL),
(14680, 'M14-3', 2780, NULL),
(14681, 'M14-4', 2780, NULL),
(14682, 'M14-5', 2780, NULL),
(14683, 'M15-1', 2781, NULL),
(14684, 'M15-2', 2781, NULL),
(14685, 'M15-3', 2781, NULL),
(14686, 'M15-4', 2781, NULL),
(14687, 'M15-5', 2781, NULL),
(14688, 'N1-1', 2782, NULL),
(14689, 'N1-2', 2782, NULL),
(14690, 'N1-3', 2782, NULL),
(14691, 'N1-4', 2782, NULL),
(14692, 'N1-5', 2782, NULL),
(14693, 'N2-1', 2783, NULL),
(14694, 'N2-2', 2783, NULL),
(14695, 'N2-3', 2783, NULL),
(14696, 'N2-4', 2783, NULL),
(14697, 'N2-5', 2783, NULL),
(14698, 'N3-1', 2784, NULL),
(14699, 'N3-2', 2784, NULL),
(14700, 'N3-3', 2784, NULL),
(14701, 'N3-4', 2784, NULL),
(14702, 'N3-5', 2784, NULL),
(14703, 'N4-1', 2785, NULL),
(14704, 'N4-2', 2785, NULL),
(14705, 'N4-3', 2785, NULL),
(14706, 'N4-4', 2785, NULL),
(14707, 'N4-5', 2785, NULL),
(14708, 'N5-1', 2786, NULL),
(14709, 'N5-2', 2786, NULL),
(14710, 'N5-3', 2786, NULL),
(14711, 'N5-4', 2786, NULL),
(14712, 'N5-5', 2786, NULL),
(14713, 'N6-1', 2787, NULL),
(14714, 'N6-2', 2787, NULL),
(14715, 'N6-3', 2787, NULL),
(14716, 'N6-4', 2787, NULL),
(14717, 'N6-5', 2787, NULL),
(14718, 'N7-1', 2788, NULL),
(14719, 'N7-2', 2788, NULL),
(14720, 'N7-3', 2788, NULL),
(14721, 'N7-4', 2788, NULL),
(14722, 'N7-5', 2788, NULL),
(14723, 'N8-1', 2789, NULL),
(14724, 'N8-2', 2789, NULL),
(14725, 'N8-3', 2789, NULL),
(14726, 'N8-4', 2789, NULL),
(14727, 'N8-5', 2789, NULL),
(14728, 'N9-1', 2790, NULL),
(14729, 'N9-2', 2790, NULL),
(14730, 'N9-3', 2790, NULL),
(14731, 'N9-4', 2790, NULL),
(14732, 'N9-5', 2790, NULL),
(14733, 'N10-1', 2791, NULL),
(14734, 'N10-2', 2791, NULL),
(14735, 'N10-3', 2791, NULL),
(14736, 'N10-4', 2791, NULL),
(14737, 'N10-5', 2791, NULL),
(14738, 'N11-1', 2792, NULL),
(14739, 'N11-2', 2792, NULL),
(14740, 'N11-3', 2792, NULL),
(14741, 'N11-4', 2792, NULL),
(14742, 'N11-5', 2792, NULL),
(14743, 'N12-1', 2793, NULL),
(14744, 'N12-2', 2793, NULL),
(14745, 'N12-3', 2793, NULL),
(14746, 'N12-4', 2793, NULL),
(14747, 'N12-5', 2793, NULL),
(14748, 'N13-1', 2794, NULL),
(14749, 'N13-2', 2794, NULL),
(14750, 'N13-3', 2794, NULL),
(14751, 'N13-4', 2794, NULL),
(14752, 'N13-5', 2794, NULL),
(14753, 'N14-1', 2795, NULL),
(14754, 'N14-2', 2795, NULL),
(14755, 'N14-3', 2795, NULL),
(14756, 'N14-4', 2795, NULL),
(14757, 'N14-5', 2795, NULL),
(14758, 'N15-1', 2796, NULL),
(14759, 'N15-2', 2796, NULL),
(14760, 'N15-3', 2796, NULL),
(14761, 'N15-4', 2796, NULL),
(14762, 'N15-5', 2796, NULL),
(14763, 'O1-1', 2797, NULL),
(14764, 'O1-2', 2797, NULL),
(14765, 'O1-3', 2797, NULL),
(14766, 'O1-4', 2797, NULL),
(14767, 'O1-5', 2797, NULL),
(14768, 'O2-1', 2798, NULL),
(14769, 'O2-2', 2798, NULL),
(14770, 'O2-3', 2798, NULL),
(14771, 'O2-4', 2798, NULL),
(14772, 'O2-5', 2798, NULL),
(14773, 'O3-1', 2799, NULL),
(14774, 'O3-2', 2799, NULL),
(14775, 'O3-3', 2799, NULL),
(14776, 'O3-4', 2799, NULL),
(14777, 'O3-5', 2799, NULL),
(14778, 'O4-1', 2800, NULL),
(14779, 'O4-2', 2800, NULL),
(14780, 'O4-3', 2800, NULL),
(14781, 'O4-4', 2800, NULL),
(14782, 'O4-5', 2800, NULL),
(14783, 'O5-1', 2801, NULL),
(14784, 'O5-2', 2801, NULL),
(14785, 'O5-3', 2801, NULL),
(14786, 'O5-4', 2801, NULL),
(14787, 'O5-5', 2801, NULL),
(14788, 'O6-1', 2802, NULL),
(14789, 'O6-2', 2802, NULL),
(14790, 'O6-3', 2802, NULL),
(14791, 'O6-4', 2802, NULL),
(14792, 'O6-5', 2802, NULL),
(14793, 'O7-1', 2803, NULL),
(14794, 'O7-2', 2803, NULL),
(14795, 'O7-3', 2803, NULL),
(14796, 'O7-4', 2803, NULL),
(14797, 'O7-5', 2803, NULL),
(14798, 'O8-1', 2804, NULL),
(14799, 'O8-2', 2804, NULL),
(14800, 'O8-3', 2804, NULL),
(14801, 'O8-4', 2804, NULL),
(14802, 'O8-5', 2804, NULL),
(14803, 'O9-1', 2805, NULL),
(14804, 'O9-2', 2805, NULL),
(14805, 'O9-3', 2805, NULL),
(14806, 'O9-4', 2805, NULL),
(14807, 'O9-5', 2805, NULL),
(14808, 'O10-1', 2806, NULL),
(14809, 'O10-2', 2806, NULL),
(14810, 'O10-3', 2806, NULL),
(14811, 'O10-4', 2806, NULL),
(14812, 'O10-5', 2806, NULL),
(14813, 'O11-1', 2807, NULL),
(14814, 'O11-2', 2807, NULL),
(14815, 'O11-3', 2807, NULL),
(14816, 'O11-4', 2807, NULL),
(14817, 'O11-5', 2807, NULL),
(14818, 'O12-1', 2808, NULL),
(14819, 'O12-2', 2808, NULL),
(14820, 'O12-3', 2808, NULL),
(14821, 'O12-4', 2808, NULL),
(14822, 'O12-5', 2808, NULL),
(14823, 'O13-1', 2809, NULL),
(14824, 'O13-2', 2809, NULL),
(14825, 'O13-3', 2809, NULL),
(14826, 'O13-4', 2809, NULL),
(14827, 'O13-5', 2809, NULL),
(14828, 'O14-1', 2810, NULL),
(14829, 'O14-2', 2810, NULL),
(14830, 'O14-3', 2810, NULL),
(14831, 'O14-4', 2810, NULL),
(14832, 'O14-5', 2810, NULL),
(14833, 'O15-1', 2811, NULL),
(14834, 'O15-2', 2811, NULL),
(14835, 'O15-3', 2811, NULL),
(14836, 'O15-4', 2811, NULL),
(14837, 'O15-5', 2811, NULL),
(14838, 'P1-1', 2812, NULL),
(14839, 'P1-2', 2812, NULL),
(14840, 'P1-3', 2812, NULL),
(14841, 'P1-4', 2812, NULL),
(14842, 'P1-5', 2812, NULL),
(14843, 'P2-1', 2813, NULL),
(14844, 'P2-2', 2813, NULL),
(14845, 'P2-3', 2813, NULL),
(14846, 'P2-4', 2813, NULL),
(14847, 'P2-5', 2813, NULL),
(14848, 'P3-1', 2814, NULL),
(14849, 'P3-2', 2814, NULL),
(14850, 'P3-3', 2814, NULL),
(14851, 'P3-4', 2814, NULL),
(14852, 'P3-5', 2814, NULL),
(14853, 'P4-1', 2815, NULL),
(14854, 'P4-2', 2815, NULL),
(14855, 'P4-3', 2815, NULL),
(14856, 'P4-4', 2815, NULL),
(14857, 'P4-5', 2815, NULL),
(14858, 'P5-1', 2816, NULL),
(14859, 'P5-2', 2816, NULL),
(14860, 'P5-3', 2816, NULL),
(14861, 'P5-4', 2816, NULL),
(14862, 'P5-5', 2816, NULL),
(14863, 'P6-1', 2817, NULL),
(14864, 'P6-2', 2817, NULL),
(14865, 'P6-3', 2817, NULL),
(14866, 'P6-4', 2817, NULL),
(14867, 'P6-5', 2817, NULL),
(14868, 'P7-1', 2818, NULL),
(14869, 'P7-2', 2818, NULL),
(14870, 'P7-3', 2818, NULL),
(14871, 'P7-4', 2818, NULL),
(14872, 'P7-5', 2818, NULL),
(14873, 'P8-1', 2819, NULL),
(14874, 'P8-2', 2819, NULL),
(14875, 'P8-3', 2819, NULL),
(14876, 'P8-4', 2819, NULL),
(14877, 'P8-5', 2819, NULL),
(14878, 'P9-1', 2820, NULL),
(14879, 'P9-2', 2820, NULL),
(14880, 'P9-3', 2820, NULL),
(14881, 'P9-4', 2820, NULL),
(14882, 'P9-5', 2820, NULL),
(14883, 'P10-1', 2821, NULL),
(14884, 'P10-2', 2821, NULL),
(14885, 'P10-3', 2821, NULL),
(14886, 'P10-4', 2821, NULL),
(14887, 'P10-5', 2821, NULL),
(14888, 'P11-1', 2822, NULL),
(14889, 'P11-2', 2822, NULL),
(14890, 'P11-3', 2822, NULL),
(14891, 'P11-4', 2822, NULL),
(14892, 'P11-5', 2822, NULL),
(14893, 'P12-1', 2823, NULL),
(14894, 'P12-2', 2823, NULL),
(14895, 'P12-3', 2823, NULL),
(14896, 'P12-4', 2823, NULL),
(14897, 'P12-5', 2823, NULL),
(14898, 'P13-1', 2824, NULL),
(14899, 'P13-2', 2824, NULL),
(14900, 'P13-3', 2824, NULL),
(14901, 'P13-4', 2824, NULL),
(14902, 'P13-5', 2824, NULL),
(14903, 'P14-1', 2825, NULL),
(14904, 'P14-2', 2825, NULL),
(14905, 'P14-3', 2825, NULL),
(14906, 'P14-4', 2825, NULL),
(14907, 'P14-5', 2825, NULL),
(14908, 'P15-1', 2826, NULL),
(14909, 'P15-2', 2826, NULL),
(14910, 'P15-3', 2826, NULL),
(14911, 'P15-4', 2826, NULL),
(14912, 'P15-5', 2826, NULL),
(14913, 'Q1-1', 2827, NULL),
(14914, 'Q1-2', 2827, NULL),
(14915, 'Q1-3', 2827, NULL),
(14916, 'Q1-4', 2827, NULL),
(14917, 'Q1-5', 2827, NULL),
(14918, 'Q2-1', 2828, NULL),
(14919, 'Q2-2', 2828, NULL),
(14920, 'Q2-3', 2828, NULL),
(14921, 'Q2-4', 2828, NULL),
(14922, 'Q2-5', 2828, NULL),
(14923, 'Q3-1', 2829, NULL),
(14924, 'Q3-2', 2829, NULL),
(14925, 'Q3-3', 2829, NULL),
(14926, 'Q3-4', 2829, NULL),
(14927, 'Q3-5', 2829, NULL),
(14928, 'Q4-1', 2830, NULL),
(14929, 'Q4-2', 2830, NULL),
(14930, 'Q4-3', 2830, NULL),
(14931, 'Q4-4', 2830, NULL),
(14932, 'Q4-5', 2830, NULL),
(14933, 'Q5-1', 2831, NULL),
(14934, 'Q5-2', 2831, NULL),
(14935, 'Q5-3', 2831, NULL),
(14936, 'Q5-4', 2831, NULL),
(14937, 'Q5-5', 2831, NULL),
(14938, 'Q6-1', 2832, NULL),
(14939, 'Q6-2', 2832, NULL),
(14940, 'Q6-3', 2832, NULL),
(14941, 'Q6-4', 2832, NULL),
(14942, 'Q6-5', 2832, NULL),
(14943, 'Q7-1', 2833, NULL),
(14944, 'Q7-2', 2833, NULL),
(14945, 'Q7-3', 2833, NULL),
(14946, 'Q7-4', 2833, NULL),
(14947, 'Q7-5', 2833, NULL),
(14948, 'Q8-1', 2834, NULL),
(14949, 'Q8-2', 2834, NULL),
(14950, 'Q8-3', 2834, NULL),
(14951, 'Q8-4', 2834, NULL),
(14952, 'Q8-5', 2834, NULL),
(14953, 'Q9-1', 2835, NULL),
(14954, 'Q9-2', 2835, NULL),
(14955, 'Q9-3', 2835, NULL),
(14956, 'Q9-4', 2835, NULL),
(14957, 'Q9-5', 2835, NULL),
(14958, 'Q10-1', 2836, NULL),
(14959, 'Q10-2', 2836, NULL),
(14960, 'Q10-3', 2836, NULL),
(14961, 'Q10-4', 2836, NULL),
(14962, 'Q10-5', 2836, NULL),
(14963, 'Q11-1', 2837, NULL),
(14964, 'Q11-2', 2837, NULL),
(14965, 'Q11-3', 2837, NULL),
(14966, 'Q11-4', 2837, NULL),
(14967, 'Q11-5', 2837, NULL),
(14968, 'Q12-1', 2838, NULL),
(14969, 'Q12-2', 2838, NULL),
(14970, 'Q12-3', 2838, NULL),
(14971, 'Q12-4', 2838, NULL),
(14972, 'Q12-5', 2838, NULL),
(14973, 'Q13-1', 2839, NULL),
(14974, 'Q13-2', 2839, NULL),
(14975, 'Q13-3', 2839, NULL),
(14976, 'Q13-4', 2839, NULL),
(14977, 'Q13-5', 2839, NULL),
(14978, 'Q14-1', 2840, NULL),
(14979, 'Q14-2', 2840, NULL),
(14980, 'Q14-3', 2840, NULL),
(14981, 'Q14-4', 2840, NULL),
(14982, 'Q14-5', 2840, NULL),
(14983, 'Q15-1', 2841, NULL),
(14984, 'Q15-2', 2841, NULL),
(14985, 'Q15-3', 2841, NULL),
(14986, 'Q15-4', 2841, NULL),
(14987, 'Q15-5', 2841, NULL),
(14988, 'R1-1', 2842, NULL),
(14989, 'R1-2', 2842, NULL),
(14990, 'R1-3', 2842, NULL),
(14991, 'R1-4', 2842, NULL),
(14992, 'R1-5', 2842, NULL),
(14993, 'R2-1', 2843, NULL),
(14994, 'R2-2', 2843, NULL),
(14995, 'R2-3', 2843, NULL),
(14996, 'R2-4', 2843, NULL),
(14997, 'R2-5', 2843, NULL),
(14998, 'R3-1', 2844, NULL),
(14999, 'R3-2', 2844, NULL),
(15000, 'R3-3', 2844, NULL),
(15001, 'R3-4', 2844, NULL),
(15002, 'R3-5', 2844, NULL),
(15003, 'R4-1', 2845, NULL),
(15004, 'R4-2', 2845, NULL),
(15005, 'R4-3', 2845, NULL),
(15006, 'R4-4', 2845, NULL),
(15007, 'R4-5', 2845, NULL),
(15008, 'R5-1', 2846, NULL),
(15009, 'R5-2', 2846, NULL),
(15010, 'R5-3', 2846, NULL),
(15011, 'R5-4', 2846, NULL),
(15012, 'R5-5', 2846, NULL),
(15013, 'R6-1', 2847, NULL),
(15014, 'R6-2', 2847, NULL),
(15015, 'R6-3', 2847, NULL),
(15016, 'R6-4', 2847, NULL),
(15017, 'R6-5', 2847, NULL),
(15018, 'R7-1', 2848, NULL),
(15019, 'R7-2', 2848, NULL),
(15020, 'R7-3', 2848, NULL),
(15021, 'R7-4', 2848, NULL),
(15022, 'R7-5', 2848, NULL),
(15023, 'R8-1', 2849, NULL),
(15024, 'R8-2', 2849, NULL),
(15025, 'R8-3', 2849, NULL),
(15026, 'R8-4', 2849, NULL),
(15027, 'R8-5', 2849, NULL),
(15028, 'R9-1', 2850, NULL),
(15029, 'R9-2', 2850, NULL),
(15030, 'R9-3', 2850, NULL),
(15031, 'R9-4', 2850, NULL),
(15032, 'R9-5', 2850, NULL),
(15033, 'R10-1', 2851, NULL),
(15034, 'R10-2', 2851, NULL),
(15035, 'R10-3', 2851, NULL),
(15036, 'R10-4', 2851, NULL),
(15037, 'R10-5', 2851, NULL),
(15038, 'R11-1', 2852, NULL),
(15039, 'R11-2', 2852, NULL),
(15040, 'R11-3', 2852, NULL),
(15041, 'R11-4', 2852, NULL),
(15042, 'R11-5', 2852, NULL),
(15043, 'R12-1', 2853, NULL),
(15044, 'R12-2', 2853, NULL),
(15045, 'R12-3', 2853, NULL),
(15046, 'R12-4', 2853, NULL),
(15047, 'R12-5', 2853, NULL),
(15048, 'R13-1', 2854, NULL),
(15049, 'R13-2', 2854, NULL),
(15050, 'R13-3', 2854, NULL),
(15051, 'R13-4', 2854, NULL),
(15052, 'R13-5', 2854, NULL),
(15053, 'R14-1', 2855, NULL),
(15054, 'R14-2', 2855, NULL),
(15055, 'R14-3', 2855, NULL),
(15056, 'R14-4', 2855, NULL),
(15057, 'R14-5', 2855, NULL),
(15058, 'R15-1', 2856, NULL),
(15059, 'R15-2', 2856, NULL),
(15060, 'R15-3', 2856, NULL),
(15061, 'R15-4', 2856, NULL),
(15062, 'R15-5', 2856, NULL),
(15063, 'S1-1', 2857, NULL),
(15064, 'S1-2', 2857, NULL),
(15065, 'S1-3', 2857, NULL),
(15066, 'S1-4', 2857, NULL),
(15067, 'S1-5', 2857, NULL),
(15068, 'S2-1', 2858, NULL),
(15069, 'S2-2', 2858, NULL),
(15070, 'S2-3', 2858, NULL),
(15071, 'S2-4', 2858, NULL),
(15072, 'S2-5', 2858, NULL),
(15073, 'S3-1', 2859, NULL),
(15074, 'S3-2', 2859, NULL),
(15075, 'S3-3', 2859, NULL),
(15076, 'S3-4', 2859, NULL),
(15077, 'S3-5', 2859, NULL),
(15078, 'S4-1', 2860, NULL),
(15079, 'S4-2', 2860, NULL),
(15080, 'S4-3', 2860, NULL),
(15081, 'S4-4', 2860, NULL),
(15082, 'S4-5', 2860, NULL),
(15083, 'S5-1', 2861, NULL),
(15084, 'S5-2', 2861, NULL),
(15085, 'S5-3', 2861, NULL),
(15086, 'S5-4', 2861, NULL),
(15087, 'S5-5', 2861, NULL),
(15088, 'S6-1', 2862, NULL),
(15089, 'S6-2', 2862, NULL),
(15090, 'S6-3', 2862, NULL),
(15091, 'S6-4', 2862, NULL),
(15092, 'S6-5', 2862, NULL),
(15093, 'S7-1', 2863, NULL),
(15094, 'S7-2', 2863, NULL),
(15095, 'S7-3', 2863, NULL),
(15096, 'S7-4', 2863, NULL),
(15097, 'S7-5', 2863, NULL),
(15098, 'S8-1', 2864, NULL),
(15099, 'S8-2', 2864, NULL),
(15100, 'S8-3', 2864, NULL),
(15101, 'S8-4', 2864, NULL),
(15102, 'S8-5', 2864, NULL),
(15103, 'S9-1', 2865, NULL),
(15104, 'S9-2', 2865, NULL),
(15105, 'S9-3', 2865, NULL),
(15106, 'S9-4', 2865, NULL),
(15107, 'S9-5', 2865, NULL),
(15108, 'S10-1', 2866, NULL),
(15109, 'S10-2', 2866, NULL),
(15110, 'S10-3', 2866, NULL),
(15111, 'S10-4', 2866, NULL),
(15112, 'S10-5', 2866, NULL),
(15113, 'S11-1', 2867, NULL),
(15114, 'S11-2', 2867, NULL),
(15115, 'S11-3', 2867, NULL),
(15116, 'S11-4', 2867, NULL),
(15117, 'S11-5', 2867, NULL),
(15118, 'S12-1', 2868, NULL),
(15119, 'S12-2', 2868, NULL),
(15120, 'S12-3', 2868, NULL),
(15121, 'S12-4', 2868, NULL),
(15122, 'S12-5', 2868, NULL),
(15123, 'S13-1', 2869, NULL),
(15124, 'S13-2', 2869, NULL),
(15125, 'S13-3', 2869, NULL),
(15126, 'S13-4', 2869, NULL),
(15127, 'S13-5', 2869, NULL),
(15128, 'S14-1', 2870, NULL),
(15129, 'S14-2', 2870, NULL),
(15130, 'S14-3', 2870, NULL),
(15131, 'S14-4', 2870, NULL),
(15132, 'S14-5', 2870, NULL),
(15133, 'S15-1', 2871, NULL),
(15134, 'S15-2', 2871, NULL),
(15135, 'S15-3', 2871, NULL),
(15136, 'S15-4', 2871, NULL),
(15137, 'S15-5', 2871, NULL),
(15138, 'T1-1', 2872, NULL),
(15139, 'T1-2', 2872, NULL),
(15140, 'T1-3', 2872, NULL),
(15141, 'T1-4', 2872, NULL),
(15142, 'T1-5', 2872, NULL),
(15143, 'T2-1', 2873, NULL),
(15144, 'T2-2', 2873, NULL),
(15145, 'T2-3', 2873, NULL),
(15146, 'T2-4', 2873, NULL),
(15147, 'T2-5', 2873, NULL),
(15148, 'T3-1', 2874, NULL),
(15149, 'T3-2', 2874, NULL),
(15150, 'T3-3', 2874, NULL),
(15151, 'T3-4', 2874, NULL),
(15152, 'T3-5', 2874, NULL),
(15153, 'T4-1', 2875, NULL),
(15154, 'T4-2', 2875, NULL),
(15155, 'T4-3', 2875, NULL),
(15156, 'T4-4', 2875, NULL),
(15157, 'T4-5', 2875, NULL),
(15158, 'T5-1', 2876, NULL),
(15159, 'T5-2', 2876, NULL),
(15160, 'T5-3', 2876, NULL),
(15161, 'T5-4', 2876, NULL),
(15162, 'T5-5', 2876, NULL),
(15163, 'T6-1', 2877, NULL),
(15164, 'T6-2', 2877, NULL),
(15165, 'T6-3', 2877, NULL),
(15166, 'T6-4', 2877, NULL),
(15167, 'T6-5', 2877, NULL),
(15168, 'T7-1', 2878, NULL),
(15169, 'T7-2', 2878, NULL),
(15170, 'T7-3', 2878, NULL),
(15171, 'T7-4', 2878, NULL),
(15172, 'T7-5', 2878, NULL),
(15173, 'T8-1', 2879, NULL),
(15174, 'T8-2', 2879, NULL),
(15175, 'T8-3', 2879, NULL),
(15176, 'T8-4', 2879, NULL),
(15177, 'T8-5', 2879, NULL),
(15178, 'T9-1', 2880, NULL),
(15179, 'T9-2', 2880, NULL),
(15180, 'T9-3', 2880, NULL),
(15181, 'T9-4', 2880, NULL),
(15182, 'T9-5', 2880, NULL),
(15183, 'T10-1', 2881, NULL),
(15184, 'T10-2', 2881, NULL),
(15185, 'T10-3', 2881, NULL),
(15186, 'T10-4', 2881, NULL),
(15187, 'T10-5', 2881, NULL),
(15188, 'T11-1', 2882, NULL),
(15189, 'T11-2', 2882, NULL),
(15190, 'T11-3', 2882, NULL),
(15191, 'T11-4', 2882, NULL),
(15192, 'T11-5', 2882, NULL),
(15193, 'T12-1', 2883, NULL),
(15194, 'T12-2', 2883, NULL),
(15195, 'T12-3', 2883, NULL),
(15196, 'T12-4', 2883, NULL),
(15197, 'T12-5', 2883, NULL),
(15198, 'T13-1', 2884, NULL),
(15199, 'T13-2', 2884, NULL),
(15200, 'T13-3', 2884, NULL),
(15201, 'T13-4', 2884, NULL),
(15202, 'T13-5', 2884, NULL),
(15203, 'T14-1', 2885, NULL),
(15204, 'T14-2', 2885, NULL),
(15205, 'T14-3', 2885, NULL),
(15206, 'T14-4', 2885, NULL),
(15207, 'T14-5', 2885, NULL),
(15208, 'T15-1', 2886, NULL),
(15209, 'T15-2', 2886, NULL),
(15210, 'T15-3', 2886, NULL),
(15211, 'T15-4', 2886, NULL),
(15212, 'T15-5', 2886, NULL),
(15213, 'U1-1', 2887, NULL),
(15214, 'U1-2', 2887, NULL),
(15215, 'U1-3', 2887, NULL),
(15216, 'U1-4', 2887, NULL),
(15217, 'U1-5', 2887, NULL),
(15218, 'U2-1', 2888, NULL),
(15219, 'U2-2', 2888, NULL),
(15220, 'U2-3', 2888, NULL),
(15221, 'U2-4', 2888, NULL),
(15222, 'U2-5', 2888, NULL),
(15223, 'U3-1', 2889, NULL),
(15224, 'U3-2', 2889, NULL),
(15225, 'U3-3', 2889, NULL),
(15226, 'U3-4', 2889, NULL),
(15227, 'U3-5', 2889, NULL),
(15228, 'U4-1', 2890, NULL),
(15229, 'U4-2', 2890, NULL),
(15230, 'U4-3', 2890, NULL),
(15231, 'U4-4', 2890, NULL),
(15232, 'U4-5', 2890, NULL),
(15233, 'U5-1', 2891, NULL),
(15234, 'U5-2', 2891, NULL),
(15235, 'U5-3', 2891, NULL),
(15236, 'U5-4', 2891, NULL),
(15237, 'U5-5', 2891, NULL),
(15238, 'U6-1', 2892, NULL),
(15239, 'U6-2', 2892, NULL),
(15240, 'U6-3', 2892, NULL),
(15241, 'U6-4', 2892, NULL),
(15242, 'U6-5', 2892, NULL),
(15243, 'U7-1', 2893, NULL),
(15244, 'U7-2', 2893, NULL),
(15245, 'U7-3', 2893, NULL),
(15246, 'U7-4', 2893, NULL),
(15247, 'U7-5', 2893, NULL),
(15248, 'U8-1', 2894, NULL),
(15249, 'U8-2', 2894, NULL),
(15250, 'U8-3', 2894, NULL),
(15251, 'U8-4', 2894, NULL),
(15252, 'U8-5', 2894, NULL),
(15253, 'U9-1', 2895, NULL),
(15254, 'U9-2', 2895, NULL),
(15255, 'U9-3', 2895, NULL),
(15256, 'U9-4', 2895, NULL),
(15257, 'U9-5', 2895, NULL),
(15258, 'U10-1', 2896, NULL),
(15259, 'U10-2', 2896, NULL),
(15260, 'U10-3', 2896, NULL),
(15261, 'U10-4', 2896, NULL),
(15262, 'U10-5', 2896, NULL),
(15263, 'U11-1', 2897, NULL),
(15264, 'U11-2', 2897, NULL),
(15265, 'U11-3', 2897, NULL),
(15266, 'U11-4', 2897, NULL),
(15267, 'U11-5', 2897, NULL),
(15268, 'U12-1', 2898, NULL),
(15269, 'U12-2', 2898, NULL),
(15270, 'U12-3', 2898, NULL),
(15271, 'U12-4', 2898, NULL),
(15272, 'U12-5', 2898, NULL),
(15273, 'U13-1', 2899, NULL),
(15274, 'U13-2', 2899, NULL),
(15275, 'U13-3', 2899, NULL),
(15276, 'U13-4', 2899, NULL),
(15277, 'U13-5', 2899, NULL),
(15278, 'U14-1', 2900, NULL),
(15279, 'U14-2', 2900, NULL),
(15280, 'U14-3', 2900, NULL),
(15281, 'U14-4', 2900, NULL),
(15282, 'U14-5', 2900, NULL),
(15283, 'U15-1', 2901, NULL),
(15284, 'U15-2', 2901, NULL),
(15285, 'U15-3', 2901, NULL),
(15286, 'U15-4', 2901, NULL),
(15287, 'U15-5', 2901, NULL),
(15288, 'V1-1', 2902, NULL),
(15289, 'V1-2', 2902, NULL),
(15290, 'V1-3', 2902, NULL),
(15291, 'V1-4', 2902, NULL),
(15292, 'V1-5', 2902, NULL),
(15293, 'V2-1', 2903, NULL),
(15294, 'V2-2', 2903, NULL),
(15295, 'V2-3', 2903, NULL),
(15296, 'V2-4', 2903, NULL),
(15297, 'V2-5', 2903, NULL),
(15298, 'V3-1', 2904, NULL),
(15299, 'V3-2', 2904, NULL),
(15300, 'V3-3', 2904, NULL),
(15301, 'V3-4', 2904, NULL),
(15302, 'V3-5', 2904, NULL),
(15303, 'V4-1', 2905, NULL),
(15304, 'V4-2', 2905, NULL),
(15305, 'V4-3', 2905, NULL),
(15306, 'V4-4', 2905, NULL),
(15307, 'V4-5', 2905, NULL),
(15308, 'V5-1', 2906, NULL),
(15309, 'V5-2', 2906, NULL),
(15310, 'V5-3', 2906, NULL),
(15311, 'V5-4', 2906, NULL),
(15312, 'V5-5', 2906, NULL),
(15313, 'V6-1', 2907, NULL),
(15314, 'V6-2', 2907, NULL),
(15315, 'V6-3', 2907, NULL),
(15316, 'V6-4', 2907, NULL),
(15317, 'V6-5', 2907, NULL),
(15318, 'V7-1', 2908, NULL),
(15319, 'V7-2', 2908, NULL),
(15320, 'V7-3', 2908, NULL),
(15321, 'V7-4', 2908, NULL),
(15322, 'V7-5', 2908, NULL),
(15323, 'V8-1', 2909, NULL),
(15324, 'V8-2', 2909, NULL),
(15325, 'V8-3', 2909, NULL),
(15326, 'V8-4', 2909, NULL),
(15327, 'V8-5', 2909, NULL),
(15328, 'V9-1', 2910, NULL),
(15329, 'V9-2', 2910, NULL),
(15330, 'V9-3', 2910, NULL),
(15331, 'V9-4', 2910, NULL),
(15332, 'V9-5', 2910, NULL),
(15333, 'V10-1', 2911, NULL),
(15334, 'V10-2', 2911, NULL),
(15335, 'V10-3', 2911, NULL),
(15336, 'V10-4', 2911, NULL),
(15337, 'V10-5', 2911, NULL),
(15338, 'V11-1', 2912, NULL),
(15339, 'V11-2', 2912, NULL),
(15340, 'V11-3', 2912, NULL),
(15341, 'V11-4', 2912, NULL),
(15342, 'V11-5', 2912, NULL),
(15343, 'V12-1', 2913, NULL),
(15344, 'V12-2', 2913, NULL),
(15345, 'V12-3', 2913, NULL),
(15346, 'V12-4', 2913, NULL),
(15347, 'V12-5', 2913, NULL),
(15348, 'V13-1', 2914, NULL),
(15349, 'V13-2', 2914, NULL),
(15350, 'V13-3', 2914, NULL),
(15351, 'V13-4', 2914, NULL),
(15352, 'V13-5', 2914, NULL),
(15353, 'V14-1', 2915, NULL),
(15354, 'V14-2', 2915, NULL),
(15355, 'V14-3', 2915, NULL),
(15356, 'V14-4', 2915, NULL),
(15357, 'V14-5', 2915, NULL),
(15358, 'V15-1', 2916, NULL),
(15359, 'V15-2', 2916, NULL),
(15360, 'V15-3', 2916, NULL),
(15361, 'V15-4', 2916, NULL),
(15362, 'V15-5', 2916, NULL),
(15363, 'W1-1', 2917, NULL),
(15364, 'W1-2', 2917, NULL),
(15365, 'W1-3', 2917, NULL),
(15366, 'W1-4', 2917, NULL),
(15367, 'W1-5', 2917, NULL),
(15368, 'W2-1', 2918, NULL),
(15369, 'W2-2', 2918, NULL),
(15370, 'W2-3', 2918, NULL),
(15371, 'W2-4', 2918, NULL),
(15372, 'W2-5', 2918, NULL),
(15373, 'W3-1', 2919, NULL),
(15374, 'W3-2', 2919, NULL),
(15375, 'W3-3', 2919, NULL),
(15376, 'W3-4', 2919, NULL),
(15377, 'W3-5', 2919, NULL),
(15378, 'W4-1', 2920, NULL),
(15379, 'W4-2', 2920, NULL),
(15380, 'W4-3', 2920, NULL),
(15381, 'W4-4', 2920, NULL),
(15382, 'W4-5', 2920, NULL),
(15383, 'W5-1', 2921, NULL),
(15384, 'W5-2', 2921, NULL),
(15385, 'W5-3', 2921, NULL),
(15386, 'W5-4', 2921, NULL),
(15387, 'W5-5', 2921, NULL),
(15388, 'W6-1', 2922, NULL),
(15389, 'W6-2', 2922, NULL),
(15390, 'W6-3', 2922, NULL),
(15391, 'W6-4', 2922, NULL),
(15392, 'W6-5', 2922, NULL),
(15393, 'W7-1', 2923, NULL),
(15394, 'W7-2', 2923, NULL),
(15395, 'W7-3', 2923, NULL),
(15396, 'W7-4', 2923, NULL),
(15397, 'W7-5', 2923, NULL),
(15398, 'W8-1', 2924, NULL),
(15399, 'W8-2', 2924, NULL),
(15400, 'W8-3', 2924, NULL),
(15401, 'W8-4', 2924, NULL),
(15402, 'W8-5', 2924, NULL),
(15403, 'W9-1', 2925, NULL),
(15404, 'W9-2', 2925, NULL),
(15405, 'W9-3', 2925, NULL),
(15406, 'W9-4', 2925, NULL),
(15407, 'W9-5', 2925, NULL),
(15408, 'W10-1', 2926, NULL),
(15409, 'W10-2', 2926, NULL),
(15410, 'W10-3', 2926, NULL),
(15411, 'W10-4', 2926, NULL),
(15412, 'W10-5', 2926, NULL),
(15413, 'W11-1', 2927, NULL),
(15414, 'W11-2', 2927, NULL),
(15415, 'W11-3', 2927, NULL),
(15416, 'W11-4', 2927, NULL),
(15417, 'W11-5', 2927, NULL),
(15418, 'W12-1', 2928, NULL),
(15419, 'W12-2', 2928, NULL),
(15420, 'W12-3', 2928, NULL),
(15421, 'W12-4', 2928, NULL),
(15422, 'W12-5', 2928, NULL),
(15423, 'W13-1', 2929, NULL),
(15424, 'W13-2', 2929, NULL),
(15425, 'W13-3', 2929, NULL),
(15426, 'W13-4', 2929, NULL),
(15427, 'W13-5', 2929, NULL),
(15428, 'W14-1', 2930, NULL),
(15429, 'W14-2', 2930, NULL),
(15430, 'W14-3', 2930, NULL),
(15431, 'W14-4', 2930, NULL),
(15432, 'W14-5', 2930, NULL),
(15433, 'W15-1', 2931, NULL),
(15434, 'W15-2', 2931, NULL),
(15435, 'W15-3', 2931, NULL),
(15436, 'W15-4', 2931, NULL),
(15437, 'W15-5', 2931, NULL),
(15438, 'X1-1', 2932, NULL),
(15439, 'X1-2', 2932, NULL),
(15440, 'X1-3', 2932, NULL),
(15441, 'X1-4', 2932, NULL),
(15442, 'X1-5', 2932, NULL),
(15443, 'X2-1', 2933, NULL),
(15444, 'X2-2', 2933, NULL),
(15445, 'X2-3', 2933, NULL),
(15446, 'X2-4', 2933, NULL),
(15447, 'X2-5', 2933, NULL),
(15448, 'X3-1', 2934, NULL),
(15449, 'X3-2', 2934, NULL),
(15450, 'X3-3', 2934, NULL),
(15451, 'X3-4', 2934, NULL),
(15452, 'X3-5', 2934, NULL),
(15453, 'X4-1', 2935, NULL),
(15454, 'X4-2', 2935, NULL),
(15455, 'X4-3', 2935, NULL),
(15456, 'X4-4', 2935, NULL),
(15457, 'X4-5', 2935, NULL),
(15458, 'X5-1', 2936, NULL),
(15459, 'X5-2', 2936, NULL),
(15460, 'X5-3', 2936, NULL),
(15461, 'X5-4', 2936, NULL),
(15462, 'X5-5', 2936, NULL),
(15463, 'X6-1', 2937, NULL),
(15464, 'X6-2', 2937, NULL),
(15465, 'X6-3', 2937, NULL),
(15466, 'X6-4', 2937, NULL),
(15467, 'X6-5', 2937, NULL),
(15468, 'X7-1', 2938, NULL),
(15469, 'X7-2', 2938, NULL),
(15470, 'X7-3', 2938, NULL),
(15471, 'X7-4', 2938, NULL),
(15472, 'X7-5', 2938, NULL),
(15473, 'X8-1', 2939, NULL),
(15474, 'X8-2', 2939, NULL),
(15475, 'X8-3', 2939, NULL),
(15476, 'X8-4', 2939, NULL),
(15477, 'X8-5', 2939, NULL),
(15478, 'X9-1', 2940, NULL),
(15479, 'X9-2', 2940, NULL),
(15480, 'X9-3', 2940, NULL),
(15481, 'X9-4', 2940, NULL),
(15482, 'X9-5', 2940, NULL),
(15483, 'X10-1', 2941, NULL),
(15484, 'X10-2', 2941, NULL),
(15485, 'X10-3', 2941, NULL),
(15486, 'X10-4', 2941, NULL),
(15487, 'X10-5', 2941, NULL),
(15488, 'X11-1', 2942, NULL),
(15489, 'X11-2', 2942, NULL),
(15490, 'X11-3', 2942, NULL),
(15491, 'X11-4', 2942, NULL),
(15492, 'X11-5', 2942, NULL),
(15493, 'X12-1', 2943, NULL),
(15494, 'X12-2', 2943, NULL),
(15495, 'X12-3', 2943, NULL),
(15496, 'X12-4', 2943, NULL),
(15497, 'X12-5', 2943, NULL),
(15498, 'X13-1', 2944, NULL),
(15499, 'X13-2', 2944, NULL),
(15500, 'X13-3', 2944, NULL),
(15501, 'X13-4', 2944, NULL),
(15502, 'X13-5', 2944, NULL),
(15503, 'X14-1', 2945, NULL),
(15504, 'X14-2', 2945, NULL),
(15505, 'X14-3', 2945, NULL),
(15506, 'X14-4', 2945, NULL),
(15507, 'X14-5', 2945, NULL),
(15508, 'X15-1', 2946, NULL),
(15509, 'X15-2', 2946, NULL),
(15510, 'X15-3', 2946, NULL),
(15511, 'X15-4', 2946, NULL),
(15512, 'X15-5', 2946, NULL),
(15513, 'Y1-1', 2947, NULL),
(15514, 'Y1-2', 2947, NULL),
(15515, 'Y1-3', 2947, NULL),
(15516, 'Y1-4', 2947, NULL),
(15517, 'Y1-5', 2947, NULL),
(15518, 'Y2-1', 2948, NULL),
(15519, 'Y2-2', 2948, NULL),
(15520, 'Y2-3', 2948, NULL),
(15521, 'Y2-4', 2948, NULL),
(15522, 'Y2-5', 2948, NULL),
(15523, 'Y3-1', 2949, NULL),
(15524, 'Y3-2', 2949, NULL),
(15525, 'Y3-3', 2949, NULL),
(15526, 'Y3-4', 2949, NULL),
(15527, 'Y3-5', 2949, NULL),
(15528, 'Y4-1', 2950, NULL),
(15529, 'Y4-2', 2950, NULL),
(15530, 'Y4-3', 2950, NULL),
(15531, 'Y4-4', 2950, NULL),
(15532, 'Y4-5', 2950, NULL),
(15533, 'Y5-1', 2951, NULL),
(15534, 'Y5-2', 2951, NULL),
(15535, 'Y5-3', 2951, NULL),
(15536, 'Y5-4', 2951, NULL),
(15537, 'Y5-5', 2951, NULL),
(15538, 'Y6-1', 2952, NULL),
(15539, 'Y6-2', 2952, NULL),
(15540, 'Y6-3', 2952, NULL),
(15541, 'Y6-4', 2952, NULL),
(15542, 'Y6-5', 2952, NULL),
(15543, 'Y7-1', 2953, NULL),
(15544, 'Y7-2', 2953, NULL),
(15545, 'Y7-3', 2953, NULL),
(15546, 'Y7-4', 2953, NULL),
(15547, 'Y7-5', 2953, NULL),
(15548, 'Y8-1', 2954, NULL),
(15549, 'Y8-2', 2954, NULL),
(15550, 'Y8-3', 2954, NULL),
(15551, 'Y8-4', 2954, NULL),
(15552, 'Y8-5', 2954, NULL),
(15553, 'Y9-1', 2955, NULL),
(15554, 'Y9-2', 2955, NULL),
(15555, 'Y9-3', 2955, NULL),
(15556, 'Y9-4', 2955, NULL),
(15557, 'Y9-5', 2955, NULL),
(15558, 'Y10-1', 2956, NULL),
(15559, 'Y10-2', 2956, NULL),
(15560, 'Y10-3', 2956, NULL),
(15561, 'Y10-4', 2956, NULL),
(15562, 'Y10-5', 2956, NULL),
(15563, 'Y11-1', 2957, NULL),
(15564, 'Y11-2', 2957, NULL),
(15565, 'Y11-3', 2957, NULL),
(15566, 'Y11-4', 2957, NULL),
(15567, 'Y11-5', 2957, NULL),
(15568, 'Y12-1', 2958, NULL),
(15569, 'Y12-2', 2958, NULL),
(15570, 'Y12-3', 2958, NULL),
(15571, 'Y12-4', 2958, NULL),
(15572, 'Y12-5', 2958, NULL),
(15573, 'Y13-1', 2959, NULL),
(15574, 'Y13-2', 2959, NULL),
(15575, 'Y13-3', 2959, NULL),
(15576, 'Y13-4', 2959, NULL),
(15577, 'Y13-5', 2959, NULL),
(15578, 'Y14-1', 2960, NULL),
(15579, 'Y14-2', 2960, NULL),
(15580, 'Y14-3', 2960, NULL),
(15581, 'Y14-4', 2960, NULL),
(15582, 'Y14-5', 2960, NULL),
(15583, 'Y15-1', 2961, NULL),
(15584, 'Y15-2', 2961, NULL),
(15585, 'Y15-3', 2961, NULL),
(15586, 'Y15-4', 2961, NULL),
(15587, 'Y15-5', 2961, NULL),
(15588, 'Z1-1', 2962, NULL),
(15589, 'Z1-2', 2962, NULL),
(15590, 'Z1-3', 2962, NULL),
(15591, 'Z1-4', 2962, NULL),
(15592, 'Z1-5', 2962, NULL),
(15593, 'Z2-1', 2963, NULL),
(15594, 'Z2-2', 2963, NULL),
(15595, 'Z2-3', 2963, NULL),
(15596, 'Z2-4', 2963, NULL),
(15597, 'Z2-5', 2963, NULL),
(15598, 'Z3-1', 2964, NULL),
(15599, 'Z3-2', 2964, NULL),
(15600, 'Z3-3', 2964, NULL),
(15601, 'Z3-4', 2964, NULL),
(15602, 'Z3-5', 2964, NULL);

-- --------------------------------------------------------

--
-- Table structure for table `event`
--

CREATE TABLE `event` (
  `id` int(11) NOT NULL,
  `Location` varchar(255) DEFAULT NULL,
  `visitorlimit` bigint(255) DEFAULT NULL,
  `StartDate` date DEFAULT NULL,
  `EndDate` date DEFAULT NULL
) ENGINE=InnoDB DEFAULT CHARSET=utf8mb4 COLLATE=utf8mb4_general_ci;

--
-- Dumping data for table `event`
--

INSERT INTO `event` (`id`, `Location`, `visitorlimit`, `StartDate`, `EndDate`) VALUES
(59, 'Locatie 142', 30, '2024-02-29', '2024-04-04'),
(60, 'Locatie 2615', 60, '2024-02-28', '2024-03-28'),
(61, 'Locatie 7663', 424, '2024-02-27', '2024-04-04'),
(62, 'Locatie 7672', 454, '2024-02-27', '2024-04-04'),
(63, 'Locatie 1393', 1, '2024-02-28', '2024-03-28'),
(64, 'Locatie 4279', 1, '2024-02-28', '2024-03-07'),
(65, 'Locatie 5717', 1, '2024-02-27', '2024-03-28'),
(66, 'Locatie 2683', 1, '2024-02-28', '2024-03-21'),
(67, 'Locatie 5597', 1, '2024-03-05', '2024-03-21'),
(68, 'Locatie 9102', 1, '2024-02-28', '2024-03-27'),
(69, 'Locatie 805', 200, '2024-02-28', '2024-03-28'),
(71, 'Locatie 383', 1890, '2024-02-29', '2024-03-28');

-- --------------------------------------------------------

--
-- Table structure for table `part`
--

CREATE TABLE `part` (
  `id` int(11) NOT NULL,
  `name` varchar(45) DEFAULT NULL,
  `event_id` int(11) DEFAULT NULL
) ENGINE=InnoDB DEFAULT CHARSET=utf8mb4 COLLATE=utf8mb4_general_ci;

--
-- Dumping data for table `part`
--

INSERT INTO `part` (`id`, `name`, `event_id`) VALUES
(409, 'A', 59),
(410, 'A', 60),
(411, 'B', 60),
(412, 'A', 61),
(413, 'B', 61),
(414, 'C', 61),
(415, 'D', 61),
(416, 'E', 61),
(417, 'F', 61),
(418, 'G', 61),
(419, 'H', 61),
(420, 'I', 61),
(421, 'J', 61),
(422, 'K', 61),
(423, 'L', 61),
(424, 'M', 61),
(425, 'N', 61),
(426, 'O', 61),
(427, 'A', 62),
(428, 'B', 62),
(429, 'C', 62),
(430, 'D', 62),
(431, 'E', 62),
(432, 'F', 62),
(433, 'G', 62),
(434, 'H', 62),
(435, 'I', 62),
(436, 'J', 62),
(437, 'K', 62),
(438, 'L', 62),
(439, 'M', 62),
(440, 'N', 62),
(441, 'O', 62),
(442, 'P', 62),
(443, 'A', 63),
(444, 'A', 64),
(445, 'A', 65),
(446, 'A', 66),
(447, 'A', 67),
(448, 'A', 68),
(449, 'A', 69),
(450, 'B', 69),
(451, 'C', 69),
(453, 'A', 71),
(454, 'B', 71),
(455, 'C', 71),
(456, 'D', 71),
(457, 'E', 71),
(458, 'F', 71),
(459, 'G', 71),
(460, 'H', 71),
(461, 'I', 71),
(462, 'J', 71),
(463, 'K', 71),
(464, 'L', 71),
(465, 'M', 71),
(466, 'N', 71),
(467, 'O', 71),
(468, 'P', 71),
(469, 'Q', 71),
(470, 'R', 71),
(471, 'S', 71),
(472, 'T', 71),
(473, 'U', 71),
(474, 'V', 71),
(475, 'W', 71),
(476, 'X', 71),
(477, 'Y', 71),
(478, 'Z', 71);

-- --------------------------------------------------------

--
-- Table structure for table `role`
--

CREATE TABLE `role` (
  `id` int(11) NOT NULL,
  `name` varchar(45) DEFAULT NULL
) ENGINE=InnoDB DEFAULT CHARSET=utf8mb4 COLLATE=utf8mb4_general_ci;

--
-- Dumping data for table `role`
--

INSERT INTO `role` (`id`, `name`) VALUES
(1, 'standard'),
(2, 'admin');

-- --------------------------------------------------------

--
-- Table structure for table `row`
--

CREATE TABLE `row` (
  `id` int(11) NOT NULL,
  `name` varchar(45) DEFAULT NULL,
  `part_id` int(11) DEFAULT NULL
) ENGINE=InnoDB DEFAULT CHARSET=utf8mb4 COLLATE=utf8mb4_general_ci;

--
-- Dumping data for table `row`
--

INSERT INTO `row` (`id`, `name`, `part_id`) VALUES
(2341, 'A1', 409),
(2342, 'A2', 409),
(2343, 'A3', 409),
(2344, 'A4', 409),
(2345, 'A5', 409),
(2346, 'A6', 409),
(2347, 'A1', 410),
(2348, 'A2', 410),
(2349, 'A3', 410),
(2350, 'A4', 410),
(2351, 'A5', 410),
(2352, 'A6', 410),
(2353, 'B1', 411),
(2354, 'B2', 411),
(2355, 'B3', 411),
(2356, 'B4', 411),
(2357, 'B5', 411),
(2358, 'B6', 411),
(2359, 'A1', 412),
(2360, 'A2', 412),
(2361, 'A3', 412),
(2362, 'A4', 412),
(2363, 'A5', 412),
(2364, 'A6', 412),
(2365, 'B1', 413),
(2366, 'B2', 413),
(2367, 'B3', 413),
(2368, 'B4', 413),
(2369, 'B5', 413),
(2370, 'B6', 413),
(2371, 'C1', 414),
(2372, 'C2', 414),
(2373, 'C3', 414),
(2374, 'C4', 414),
(2375, 'C5', 414),
(2376, 'C6', 414),
(2377, 'D1', 415),
(2378, 'D2', 415),
(2379, 'D3', 415),
(2380, 'D4', 415),
(2381, 'D5', 415),
(2382, 'D6', 415),
(2383, 'E1', 416),
(2384, 'E2', 416),
(2385, 'E3', 416),
(2386, 'E4', 416),
(2387, 'E5', 416),
(2388, 'E6', 416),
(2389, 'F1', 417),
(2390, 'F2', 417),
(2391, 'F3', 417),
(2392, 'F4', 417),
(2393, 'F5', 417),
(2394, 'F6', 417),
(2395, 'G1', 418),
(2396, 'G2', 418),
(2397, 'G3', 418),
(2398, 'G4', 418),
(2399, 'G5', 418),
(2400, 'G6', 418),
(2401, 'H1', 419),
(2402, 'H2', 419),
(2403, 'H3', 419),
(2404, 'H4', 419),
(2405, 'H5', 419),
(2406, 'H6', 419),
(2407, 'I1', 420),
(2408, 'I2', 420),
(2409, 'I3', 420),
(2410, 'I4', 420),
(2411, 'I5', 420),
(2412, 'I6', 420),
(2413, 'J1', 421),
(2414, 'J2', 421),
(2415, 'J3', 421),
(2416, 'J4', 421),
(2417, 'J5', 421),
(2418, 'J6', 421),
(2419, 'K1', 422),
(2420, 'K2', 422),
(2421, 'K3', 422),
(2422, 'K4', 422),
(2423, 'K5', 422),
(2424, 'K6', 422),
(2425, 'L1', 423),
(2426, 'L2', 423),
(2427, 'L3', 423),
(2428, 'L4', 423),
(2429, 'L5', 423),
(2430, 'L6', 423),
(2431, 'M1', 424),
(2432, 'M2', 424),
(2433, 'M3', 424),
(2434, 'M4', 424),
(2435, 'M5', 424),
(2436, 'M6', 424),
(2437, 'N1', 425),
(2438, 'N2', 425),
(2439, 'N3', 425),
(2440, 'N4', 425),
(2441, 'N5', 425),
(2442, 'N6', 425),
(2443, 'O1', 426),
(2444, 'A1', 427),
(2445, 'A2', 427),
(2446, 'A3', 427),
(2447, 'A4', 427),
(2448, 'A5', 427),
(2449, 'A6', 427),
(2450, 'B1', 428),
(2451, 'B2', 428),
(2452, 'B3', 428),
(2453, 'B4', 428),
(2454, 'B5', 428),
(2455, 'B6', 428),
(2456, 'C1', 429),
(2457, 'C2', 429),
(2458, 'C3', 429),
(2459, 'C4', 429),
(2460, 'C5', 429),
(2461, 'C6', 429),
(2462, 'D1', 430),
(2463, 'D2', 430),
(2464, 'D3', 430),
(2465, 'D4', 430),
(2466, 'D5', 430),
(2467, 'D6', 430),
(2468, 'E1', 431),
(2469, 'E2', 431),
(2470, 'E3', 431),
(2471, 'E4', 431),
(2472, 'E5', 431),
(2473, 'E6', 431),
(2474, 'F1', 432),
(2475, 'F2', 432),
(2476, 'F3', 432),
(2477, 'F4', 432),
(2478, 'F5', 432),
(2479, 'F6', 432),
(2480, 'G1', 433),
(2481, 'G2', 433),
(2482, 'G3', 433),
(2483, 'G4', 433),
(2484, 'G5', 433),
(2485, 'G6', 433),
(2486, 'H1', 434),
(2487, 'H2', 434),
(2488, 'H3', 434),
(2489, 'H4', 434),
(2490, 'H5', 434),
(2491, 'H6', 434),
(2492, 'I1', 435),
(2493, 'I2', 435),
(2494, 'I3', 435),
(2495, 'I4', 435),
(2496, 'I5', 435),
(2497, 'I6', 435),
(2498, 'J1', 436),
(2499, 'J2', 436),
(2500, 'J3', 436),
(2501, 'J4', 436),
(2502, 'J5', 436),
(2503, 'J6', 436),
(2504, 'K1', 437),
(2505, 'K2', 437),
(2506, 'K3', 437),
(2507, 'K4', 437),
(2508, 'K5', 437),
(2509, 'K6', 437),
(2510, 'L1', 438),
(2511, 'L2', 438),
(2512, 'L3', 438),
(2513, 'L4', 438),
(2514, 'L5', 438),
(2515, 'L6', 438),
(2516, 'M1', 439),
(2517, 'M2', 439),
(2518, 'M3', 439),
(2519, 'M4', 439),
(2520, 'M5', 439),
(2521, 'M6', 439),
(2522, 'N1', 440),
(2523, 'N2', 440),
(2524, 'N3', 440),
(2525, 'N4', 440),
(2526, 'N5', 440),
(2527, 'N6', 440),
(2528, 'O1', 441),
(2529, 'O2', 441),
(2530, 'O3', 441),
(2531, 'O4', 441),
(2532, 'O5', 441),
(2533, 'O6', 441),
(2534, 'P1', 442),
(2535, 'A1', 443),
(2536, 'A1', 444),
(2537, 'A1', 445),
(2538, 'A1', 446),
(2539, 'A1', 447),
(2540, 'A1', 448),
(2541, 'A1', 449),
(2542, 'A2', 449),
(2543, 'A3', 449),
(2544, 'A4', 449),
(2545, 'A5', 449),
(2546, 'A6', 449),
(2547, 'A7', 449),
(2548, 'A8', 449),
(2549, 'A9', 449),
(2550, 'A10', 449),
(2551, 'A11', 449),
(2552, 'A12', 449),
(2553, 'A13', 449),
(2554, 'A14', 449),
(2555, 'A15', 449),
(2556, 'B1', 450),
(2557, 'B2', 450),
(2558, 'B3', 450),
(2559, 'B4', 450),
(2560, 'B5', 450),
(2561, 'B6', 450),
(2562, 'B7', 450),
(2563, 'B8', 450),
(2564, 'B9', 450),
(2565, 'B10', 450),
(2566, 'B11', 450),
(2567, 'B12', 450),
(2568, 'B13', 450),
(2569, 'B14', 450),
(2570, 'B15', 450),
(2571, 'C1', 451),
(2572, 'C2', 451),
(2573, 'C3', 451),
(2574, 'C4', 451),
(2575, 'C5', 451),
(2576, 'C6', 451),
(2577, 'C7', 451),
(2578, 'C8', 451),
(2579, 'C9', 451),
(2580, 'C10', 451),
(2587, 'A1', 453),
(2588, 'A2', 453),
(2589, 'A3', 453),
(2590, 'A4', 453),
(2591, 'A5', 453),
(2592, 'A6', 453),
(2593, 'A7', 453),
(2594, 'A8', 453),
(2595, 'A9', 453),
(2596, 'A10', 453),
(2597, 'A11', 453),
(2598, 'A12', 453),
(2599, 'A13', 453),
(2600, 'A14', 453),
(2601, 'A15', 453),
(2602, 'B1', 454),
(2603, 'B2', 454),
(2604, 'B3', 454),
(2605, 'B4', 454),
(2606, 'B5', 454),
(2607, 'B6', 454),
(2608, 'B7', 454),
(2609, 'B8', 454),
(2610, 'B9', 454),
(2611, 'B10', 454),
(2612, 'B11', 454),
(2613, 'B12', 454),
(2614, 'B13', 454),
(2615, 'B14', 454),
(2616, 'B15', 454),
(2617, 'C1', 455),
(2618, 'C2', 455),
(2619, 'C3', 455),
(2620, 'C4', 455),
(2621, 'C5', 455),
(2622, 'C6', 455),
(2623, 'C7', 455),
(2624, 'C8', 455),
(2625, 'C9', 455),
(2626, 'C10', 455),
(2627, 'C11', 455),
(2628, 'C12', 455),
(2629, 'C13', 455),
(2630, 'C14', 455),
(2631, 'C15', 455),
(2632, 'D1', 456),
(2633, 'D2', 456),
(2634, 'D3', 456),
(2635, 'D4', 456),
(2636, 'D5', 456),
(2637, 'D6', 456),
(2638, 'D7', 456),
(2639, 'D8', 456),
(2640, 'D9', 456),
(2641, 'D10', 456),
(2642, 'D11', 456),
(2643, 'D12', 456),
(2644, 'D13', 456),
(2645, 'D14', 456),
(2646, 'D15', 456),
(2647, 'E1', 457),
(2648, 'E2', 457),
(2649, 'E3', 457),
(2650, 'E4', 457),
(2651, 'E5', 457),
(2652, 'E6', 457),
(2653, 'E7', 457),
(2654, 'E8', 457),
(2655, 'E9', 457),
(2656, 'E10', 457),
(2657, 'E11', 457),
(2658, 'E12', 457),
(2659, 'E13', 457),
(2660, 'E14', 457),
(2661, 'E15', 457),
(2662, 'F1', 458),
(2663, 'F2', 458),
(2664, 'F3', 458),
(2665, 'F4', 458),
(2666, 'F5', 458),
(2667, 'F6', 458),
(2668, 'F7', 458),
(2669, 'F8', 458),
(2670, 'F9', 458),
(2671, 'F10', 458),
(2672, 'F11', 458),
(2673, 'F12', 458),
(2674, 'F13', 458),
(2675, 'F14', 458),
(2676, 'F15', 458),
(2677, 'G1', 459),
(2678, 'G2', 459),
(2679, 'G3', 459),
(2680, 'G4', 459),
(2681, 'G5', 459),
(2682, 'G6', 459),
(2683, 'G7', 459),
(2684, 'G8', 459),
(2685, 'G9', 459),
(2686, 'G10', 459),
(2687, 'G11', 459),
(2688, 'G12', 459),
(2689, 'G13', 459),
(2690, 'G14', 459),
(2691, 'G15', 459),
(2692, 'H1', 460),
(2693, 'H2', 460),
(2694, 'H3', 460),
(2695, 'H4', 460),
(2696, 'H5', 460),
(2697, 'H6', 460),
(2698, 'H7', 460),
(2699, 'H8', 460),
(2700, 'H9', 460),
(2701, 'H10', 460),
(2702, 'H11', 460),
(2703, 'H12', 460),
(2704, 'H13', 460),
(2705, 'H14', 460),
(2706, 'H15', 460),
(2707, 'I1', 461),
(2708, 'I2', 461),
(2709, 'I3', 461),
(2710, 'I4', 461),
(2711, 'I5', 461),
(2712, 'I6', 461),
(2713, 'I7', 461),
(2714, 'I8', 461),
(2715, 'I9', 461),
(2716, 'I10', 461),
(2717, 'I11', 461),
(2718, 'I12', 461),
(2719, 'I13', 461),
(2720, 'I14', 461),
(2721, 'I15', 461),
(2722, 'J1', 462),
(2723, 'J2', 462),
(2724, 'J3', 462),
(2725, 'J4', 462),
(2726, 'J5', 462),
(2727, 'J6', 462),
(2728, 'J7', 462),
(2729, 'J8', 462),
(2730, 'J9', 462),
(2731, 'J10', 462),
(2732, 'J11', 462),
(2733, 'J12', 462),
(2734, 'J13', 462),
(2735, 'J14', 462),
(2736, 'J15', 462),
(2737, 'K1', 463),
(2738, 'K2', 463),
(2739, 'K3', 463),
(2740, 'K4', 463),
(2741, 'K5', 463),
(2742, 'K6', 463),
(2743, 'K7', 463),
(2744, 'K8', 463),
(2745, 'K9', 463),
(2746, 'K10', 463),
(2747, 'K11', 463),
(2748, 'K12', 463),
(2749, 'K13', 463),
(2750, 'K14', 463),
(2751, 'K15', 463),
(2752, 'L1', 464),
(2753, 'L2', 464),
(2754, 'L3', 464),
(2755, 'L4', 464),
(2756, 'L5', 464),
(2757, 'L6', 464),
(2758, 'L7', 464),
(2759, 'L8', 464),
(2760, 'L9', 464),
(2761, 'L10', 464),
(2762, 'L11', 464),
(2763, 'L12', 464),
(2764, 'L13', 464),
(2765, 'L14', 464),
(2766, 'L15', 464),
(2767, 'M1', 465),
(2768, 'M2', 465),
(2769, 'M3', 465),
(2770, 'M4', 465),
(2771, 'M5', 465),
(2772, 'M6', 465),
(2773, 'M7', 465),
(2774, 'M8', 465),
(2775, 'M9', 465),
(2776, 'M10', 465),
(2777, 'M11', 465),
(2778, 'M12', 465),
(2779, 'M13', 465),
(2780, 'M14', 465),
(2781, 'M15', 465),
(2782, 'N1', 466),
(2783, 'N2', 466),
(2784, 'N3', 466),
(2785, 'N4', 466),
(2786, 'N5', 466),
(2787, 'N6', 466),
(2788, 'N7', 466),
(2789, 'N8', 466),
(2790, 'N9', 466),
(2791, 'N10', 466),
(2792, 'N11', 466),
(2793, 'N12', 466),
(2794, 'N13', 466),
(2795, 'N14', 466),
(2796, 'N15', 466),
(2797, 'O1', 467),
(2798, 'O2', 467),
(2799, 'O3', 467),
(2800, 'O4', 467),
(2801, 'O5', 467),
(2802, 'O6', 467),
(2803, 'O7', 467),
(2804, 'O8', 467),
(2805, 'O9', 467),
(2806, 'O10', 467),
(2807, 'O11', 467),
(2808, 'O12', 467),
(2809, 'O13', 467),
(2810, 'O14', 467),
(2811, 'O15', 467),
(2812, 'P1', 468),
(2813, 'P2', 468),
(2814, 'P3', 468),
(2815, 'P4', 468),
(2816, 'P5', 468),
(2817, 'P6', 468),
(2818, 'P7', 468),
(2819, 'P8', 468),
(2820, 'P9', 468),
(2821, 'P10', 468),
(2822, 'P11', 468),
(2823, 'P12', 468),
(2824, 'P13', 468),
(2825, 'P14', 468),
(2826, 'P15', 468),
(2827, 'Q1', 469),
(2828, 'Q2', 469),
(2829, 'Q3', 469),
(2830, 'Q4', 469),
(2831, 'Q5', 469),
(2832, 'Q6', 469),
(2833, 'Q7', 469),
(2834, 'Q8', 469),
(2835, 'Q9', 469),
(2836, 'Q10', 469),
(2837, 'Q11', 469),
(2838, 'Q12', 469),
(2839, 'Q13', 469),
(2840, 'Q14', 469),
(2841, 'Q15', 469),
(2842, 'R1', 470),
(2843, 'R2', 470),
(2844, 'R3', 470),
(2845, 'R4', 470),
(2846, 'R5', 470),
(2847, 'R6', 470),
(2848, 'R7', 470),
(2849, 'R8', 470),
(2850, 'R9', 470),
(2851, 'R10', 470),
(2852, 'R11', 470),
(2853, 'R12', 470),
(2854, 'R13', 470),
(2855, 'R14', 470),
(2856, 'R15', 470),
(2857, 'S1', 471),
(2858, 'S2', 471),
(2859, 'S3', 471),
(2860, 'S4', 471),
(2861, 'S5', 471),
(2862, 'S6', 471),
(2863, 'S7', 471),
(2864, 'S8', 471),
(2865, 'S9', 471),
(2866, 'S10', 471),
(2867, 'S11', 471),
(2868, 'S12', 471),
(2869, 'S13', 471),
(2870, 'S14', 471),
(2871, 'S15', 471),
(2872, 'T1', 472),
(2873, 'T2', 472),
(2874, 'T3', 472),
(2875, 'T4', 472),
(2876, 'T5', 472),
(2877, 'T6', 472),
(2878, 'T7', 472),
(2879, 'T8', 472),
(2880, 'T9', 472),
(2881, 'T10', 472),
(2882, 'T11', 472),
(2883, 'T12', 472),
(2884, 'T13', 472),
(2885, 'T14', 472),
(2886, 'T15', 472),
(2887, 'U1', 473),
(2888, 'U2', 473),
(2889, 'U3', 473),
(2890, 'U4', 473),
(2891, 'U5', 473),
(2892, 'U6', 473),
(2893, 'U7', 473),
(2894, 'U8', 473),
(2895, 'U9', 473),
(2896, 'U10', 473),
(2897, 'U11', 473),
(2898, 'U12', 473),
(2899, 'U13', 473),
(2900, 'U14', 473),
(2901, 'U15', 473),
(2902, 'V1', 474),
(2903, 'V2', 474),
(2904, 'V3', 474),
(2905, 'V4', 474),
(2906, 'V5', 474),
(2907, 'V6', 474),
(2908, 'V7', 474),
(2909, 'V8', 474),
(2910, 'V9', 474),
(2911, 'V10', 474),
(2912, 'V11', 474),
(2913, 'V12', 474),
(2914, 'V13', 474),
(2915, 'V14', 474),
(2916, 'V15', 474),
(2917, 'W1', 475),
(2918, 'W2', 475),
(2919, 'W3', 475),
(2920, 'W4', 475),
(2921, 'W5', 475),
(2922, 'W6', 475),
(2923, 'W7', 475),
(2924, 'W8', 475),
(2925, 'W9', 475),
(2926, 'W10', 475),
(2927, 'W11', 475),
(2928, 'W12', 475),
(2929, 'W13', 475),
(2930, 'W14', 475),
(2931, 'W15', 475),
(2932, 'X1', 476),
(2933, 'X2', 476),
(2934, 'X3', 476),
(2935, 'X4', 476),
(2936, 'X5', 476),
(2937, 'X6', 476),
(2938, 'X7', 476),
(2939, 'X8', 476),
(2940, 'X9', 476),
(2941, 'X10', 476),
(2942, 'X11', 476),
(2943, 'X12', 476),
(2944, 'X13', 476),
(2945, 'X14', 476),
(2946, 'X15', 476),
(2947, 'Y1', 477),
(2948, 'Y2', 477),
(2949, 'Y3', 477),
(2950, 'Y4', 477),
(2951, 'Y5', 477),
(2952, 'Y6', 477),
(2953, 'Y7', 477),
(2954, 'Y8', 477),
(2955, 'Y9', 477),
(2956, 'Y10', 477),
(2957, 'Y11', 477),
(2958, 'Y12', 477),
(2959, 'Y13', 477),
(2960, 'Y14', 477),
(2961, 'Y15', 477),
(2962, 'Z1', 478),
(2963, 'Z2', 478),
(2964, 'Z3', 478);

-- --------------------------------------------------------

--
-- Table structure for table `user`
--

CREATE TABLE `user` (
  `id` int(11) NOT NULL,
  `name` varchar(45) DEFAULT NULL,
  `email` varchar(45) DEFAULT NULL,
  `password` varchar(255) DEFAULT NULL,
  `roleid` int(11) DEFAULT 1
) ENGINE=InnoDB DEFAULT CHARSET=utf8mb4 COLLATE=utf8mb4_general_ci;

--
-- Dumping data for table `user`
--

INSERT INTO `user` (`id`, `name`, `email`, `password`, `roleid`) VALUES
(1, 'thijn', 'thijn@return2senden.nl', 'test', 2),
(3, 'test', 'test@test.nl', '$2a$11$vQVkRxX2H9HKajPq.bFyg.CtXeyB1QBzCHO84LRDueg7rjQYcncZO', 1),
(4, 'test', 'test@test.com', '$2a$11$ydZIF1EB7Jvg7Ak9JchHfOuknmkXjWsucdWO3Ve.x8b.rb1xHB5ja', 1),
(6, 'test', 'test@testt.nl', '$2a$11$pVMtZBdr3sexjFTfrnb5purfxXZog7UETt9lSV.rj1NymKEc.szXW', 1),
(7, '1', '1@1.1', '$2a$11$b.sI2HqXylyZG.vV.mBkb.et24Fc9kna7Ie8bh1EkRQ8kBvrgaVzC', 2),
(8, 'wa', 'wa@wa.nl', '$2a$11$Qrnpg0DlrVKFPIkY7KlMaOWl0syy.7aXIYagV/zgPlUd6fpiTxRWK', 1),
(9, 't', 't@t.t', '$2a$11$rko7eu7oyII3Im5Rjrv8kO4urF4gYtkcdiplrGNj3UIp6zxJa4q4i', 1),
(10, 't', 't@t.ttt', '$2a$11$ZsicSbv2KfEdiO41693ISOpw0K7zdXDvMreu3P6ktPq/YfTXlpV22', 1),
(11, 'Tee', 'tee@e.e', '$2a$11$7whk8MpxrLk2DZ4lNhkxPOmeWtksCjrz2R4i.2Cgr1xNxQNnph3wW', 1);

-- --------------------------------------------------------

--
-- Table structure for table `user_event`
--

CREATE TABLE `user_event` (
  `id` int(11) NOT NULL,
  `user_id` int(11) DEFAULT NULL,
  `event_id` int(11) DEFAULT NULL,
  `chair_id` int(11) DEFAULT NULL
) ENGINE=InnoDB DEFAULT CHARSET=utf8mb4 COLLATE=utf8mb4_general_ci;

--
-- Dumping data for table `user_event`
--

INSERT INTO `user_event` (`id`, `user_id`, `event_id`, `chair_id`) VALUES
(100, 7, 61, 12614),
(101, 7, 61, 12609),
(104, 7, 60, 12564),
(109, 9, 60, 12555),
(110, 9, 60, 12560),
(111, 9, 60, 12565),
(114, 7, 61, 13019),
(115, 7, 61, 12604),
(116, 7, 61, 12599),
(148, 7, 60, 12544),
(166, 7, 62, 13023),
(167, 7, 62, 13028),
(178, 7, 60, 12554),
(193, 7, 60, 12559),
(200, 7, 68, 13482),
(244, 7, 59, 12509),
(245, 7, 59, 12514),
(246, 7, 59, 12519),
(247, 7, 59, 12524),
(248, 7, 59, 12529),
(249, 7, 59, 12534),
(250, 7, 59, 12535),
(251, 7, 59, 12530),
(252, 7, 59, 12525),
(253, 7, 59, 12520),
(254, 7, 59, 12515),
(255, 7, 59, 12510),
(256, 7, 59, 12511),
(257, 7, 59, 12516),
(258, 7, 59, 12521),
(259, 7, 59, 12526),
(260, 7, 59, 12531),
(261, 7, 59, 12536),
(262, 7, 59, 12537),
(263, 7, 59, 12532),
(264, 7, 59, 12527),
(265, 7, 59, 12522),
(266, 7, 59, 12517),
(267, 7, 59, 12512),
(268, 7, 59, 12513),
(269, 7, 59, 12518),
(270, 7, 59, 12523),
(271, 7, 59, 12528),
(272, 7, 59, 12533),
(273, 7, 59, 12538);

--
-- Indexes for dumped tables
--

--
-- Indexes for table `chair`
--
ALTER TABLE `chair`
  ADD PRIMARY KEY (`id`),
  ADD KEY `chair_row_idx` (`row_id`),
  ADD KEY `chair_user_idx` (`user_id`);

--
-- Indexes for table `event`
--
ALTER TABLE `event`
  ADD PRIMARY KEY (`id`);

--
-- Indexes for table `part`
--
ALTER TABLE `part`
  ADD PRIMARY KEY (`id`),
  ADD KEY `event_parts_idx` (`event_id`);

--
-- Indexes for table `role`
--
ALTER TABLE `role`
  ADD PRIMARY KEY (`id`);

--
-- Indexes for table `row`
--
ALTER TABLE `row`
  ADD PRIMARY KEY (`id`),
  ADD KEY `row_part_idx` (`part_id`);

--
-- Indexes for table `user`
--
ALTER TABLE `user`
  ADD PRIMARY KEY (`id`),
  ADD UNIQUE KEY `email_UNIQUE` (`email`),
  ADD KEY `user_role_key_idx` (`roleid`);

--
-- Indexes for table `user_event`
--
ALTER TABLE `user_event`
  ADD PRIMARY KEY (`id`),
  ADD KEY `user_key__idx` (`user_id`),
  ADD KEY `event_key__idx` (`event_id`),
  ADD KEY `chair_key__idx` (`chair_id`);

--
-- AUTO_INCREMENT for dumped tables
--

--
-- AUTO_INCREMENT for table `chair`
--
ALTER TABLE `chair`
  MODIFY `id` int(11) NOT NULL AUTO_INCREMENT, AUTO_INCREMENT=15603;

--
-- AUTO_INCREMENT for table `event`
--
ALTER TABLE `event`
  MODIFY `id` int(11) NOT NULL AUTO_INCREMENT, AUTO_INCREMENT=72;

--
-- AUTO_INCREMENT for table `part`
--
ALTER TABLE `part`
  MODIFY `id` int(11) NOT NULL AUTO_INCREMENT, AUTO_INCREMENT=479;

--
-- AUTO_INCREMENT for table `role`
--
ALTER TABLE `role`
  MODIFY `id` int(11) NOT NULL AUTO_INCREMENT, AUTO_INCREMENT=3;

--
-- AUTO_INCREMENT for table `row`
--
ALTER TABLE `row`
  MODIFY `id` int(11) NOT NULL AUTO_INCREMENT, AUTO_INCREMENT=2965;

--
-- AUTO_INCREMENT for table `user`
--
ALTER TABLE `user`
  MODIFY `id` int(11) NOT NULL AUTO_INCREMENT, AUTO_INCREMENT=12;

--
-- AUTO_INCREMENT for table `user_event`
--
ALTER TABLE `user_event`
  MODIFY `id` int(11) NOT NULL AUTO_INCREMENT, AUTO_INCREMENT=275;

--
-- Constraints for dumped tables
--

--
-- Constraints for table `chair`
--
ALTER TABLE `chair`
  ADD CONSTRAINT `chair_row` FOREIGN KEY (`row_id`) REFERENCES `row` (`id`) ON DELETE CASCADE ON UPDATE NO ACTION,
  ADD CONSTRAINT `chair_user` FOREIGN KEY (`user_id`) REFERENCES `user` (`id`) ON DELETE NO ACTION ON UPDATE NO ACTION;

--
-- Constraints for table `part`
--
ALTER TABLE `part`
  ADD CONSTRAINT `event_parts` FOREIGN KEY (`event_id`) REFERENCES `event` (`id`) ON DELETE CASCADE ON UPDATE NO ACTION;

--
-- Constraints for table `row`
--
ALTER TABLE `row`
  ADD CONSTRAINT `row_part` FOREIGN KEY (`part_id`) REFERENCES `part` (`id`) ON DELETE CASCADE ON UPDATE NO ACTION;

--
-- Constraints for table `user`
--
ALTER TABLE `user`
  ADD CONSTRAINT `user_role_key` FOREIGN KEY (`roleid`) REFERENCES `role` (`id`) ON DELETE NO ACTION ON UPDATE NO ACTION;

--
-- Constraints for table `user_event`
--
ALTER TABLE `user_event`
  ADD CONSTRAINT `chair_key_` FOREIGN KEY (`chair_id`) REFERENCES `chair` (`id`) ON DELETE CASCADE ON UPDATE NO ACTION,
  ADD CONSTRAINT `event_key_` FOREIGN KEY (`event_id`) REFERENCES `event` (`id`) ON DELETE CASCADE ON UPDATE NO ACTION,
  ADD CONSTRAINT `user_key_` FOREIGN KEY (`user_id`) REFERENCES `user` (`id`) ON DELETE CASCADE ON UPDATE NO ACTION;
COMMIT;

/*!40101 SET CHARACTER_SET_CLIENT=@OLD_CHARACTER_SET_CLIENT */;
/*!40101 SET CHARACTER_SET_RESULTS=@OLD_CHARACTER_SET_RESULTS */;
/*!40101 SET COLLATION_CONNECTION=@OLD_COLLATION_CONNECTION */;
